[
{
  "model": "baselaunch.cloud",
  "pk": "amazon-ap-seoul",
  "fields": {
    "added": "2017-01-30T21:15:52.293Z",
    "updated": "2017-01-31T17:07:56.657Z",
    "name": "Amazon AP - Seoul",
    "access_instructions_url": "https://aws-portal.amazon.com/gp/aws/developer/account/index.html?action=access-key",
    "kind": "cloud"
  }
},
{
  "model": "baselaunch.cloud",
  "pk": "amazon-ap-sydney",
  "fields": {
    "added": "2016-06-26T03:13:18.315Z",
    "updated": "2017-04-21T14:29:24.922Z",
    "name": "Amazon AP - Sydney",
    "access_instructions_url": "https://aws-portal.amazon.com/gp/aws/developer/account/index.html?action=access-key",
    "kind": "cloud"
  }
},
{
  "model": "baselaunch.cloud",
  "pk": "amazon-eu-frankfurt",
  "fields": {
    "added": "2016-06-26T03:11:01.179Z",
    "updated": "2017-01-20T19:13:45.361Z",
    "name": "Amazon EU - Frankfurt",
    "access_instructions_url": "https://aws-portal.amazon.com/gp/aws/developer/account/index.html?action=access-key",
    "kind": "cloud"
  }
},
{
  "model": "baselaunch.cloud",
  "pk": "amazon-eu-west-1-ireland",
  "fields": {
    "added": "2017-01-06T04:44:48.179Z",
    "updated": "2017-01-23T20:33:13.363Z",
    "name": "Amazon EU West 1 - Ireland",
    "access_instructions_url": "https://aws-portal.amazon.com/gp/aws/developer/account/index.html?action=access-key",
    "kind": "cloud"
  }
},
{
  "model": "baselaunch.cloud",
  "pk": "amazon-us-east-2-ohio",
  "fields": {
    "added": "2017-03-02T21:57:34.571Z",
    "updated": "2017-03-02T21:57:34.571Z",
    "name": "Amazon US East 2 - Ohio",
    "access_instructions_url": "https://new.galaxyproject.org/cloudman/getting-started/#amazon-cloud",
    "kind": "cloud"
  }
},
{
  "model": "baselaunch.cloud",
  "pk": "amazon-us-east-n-virginia",
  "fields": {
    "added": "2016-06-26T03:08:59.048Z",
    "updated": "2017-04-21T14:30:15.694Z",
    "name": "Amazon US East - N. Virginia",
    "access_instructions_url": "https://aws-portal.amazon.com/gp/aws/developer/account/index.html?action=access-key",
    "kind": "cloud"
  }
},
{
  "model": "baselaunch.cloud",
  "pk": "bwcloud",
  "fields": {
    "added": "2016-12-23T13:04:26.905Z",
    "updated": "2016-12-23T13:54:18.137Z",
    "name": "bwCloud",
    "access_instructions_url": null,
    "kind": "cloud"
  }
},
{
  "model": "baselaunch.cloud",
  "pk": "chameleon",
  "fields": {
    "added": "2016-06-29T04:18:44.681Z",
    "updated": "2016-06-29T04:18:44.681Z",
    "name": "Chameleon",
    "access_instructions_url": null,
    "kind": "cloud"
  }
},
{
  "model": "baselaunch.cloud",
  "pk": "jetstream",
  "fields": {
    "added": "2016-06-28T15:30:29.290Z",
    "updated": "2017-08-02T19:43:54.907Z",
    "name": "Jetstream",
    "access_instructions_url": "",
    "kind": "cloud"
  }
},
{
  "model": "baselaunch.cloud",
  "pk": "nectar",
  "fields": {
    "added": "2016-06-26T02:53:50.475Z",
    "updated": "2017-06-10T13:33:25.251Z",
    "name": "NeCTAR",
    "access_instructions_url": "http://vlsci.github.io/lscc_docs/tutorials/gvl_launch/gvl_launch/",
    "kind": "cloud"
  }
},
{
  "model": "baselaunch.aws",
  "pk": "amazon-ap-seoul",
  "fields": {
    "compute": 6,
    "object_store": 1
  }
},
{
  "model": "baselaunch.aws",
  "pk": "amazon-ap-sydney",
  "fields": {
    "compute": 3,
    "object_store": 3
  }
},
{
  "model": "baselaunch.aws",
  "pk": "amazon-eu-frankfurt",
  "fields": {
    "compute": 2,
    "object_store": 2
  }
},
{
  "model": "baselaunch.aws",
  "pk": "amazon-eu-west-1-ireland",
  "fields": {
    "compute": 5,
    "object_store": 5
  }
},
{
  "model": "baselaunch.aws",
  "pk": "amazon-us-east-2-ohio",
  "fields": {
    "compute": 7,
    "object_store": 6
  }
},
{
  "model": "baselaunch.aws",
  "pk": "amazon-us-east-n-virginia",
  "fields": {
    "compute": 1,
    "object_store": 1
  }
},
{
  "model": "baselaunch.ec2",
  "pk": 1,
  "fields": {
    "added": "2016-06-26T03:01:44.310Z",
    "updated": "2016-06-26T03:01:44.310Z",
    "name": "Amazon EC2 US East - N. Virginia",
    "ec2_region_name": "us-east-1",
    "ec2_region_endpoint": "ec2.amazonaws.com",
    "ec2_conn_path": "/",
    "ec2_is_secure": true,
    "ec2_port": null
  }
},
{
  "model": "baselaunch.ec2",
  "pk": 2,
  "fields": {
    "added": "2016-06-26T03:09:55.952Z",
    "updated": "2016-06-26T03:09:55.952Z",
    "name": "Amazon EC2 EU - Frankfurt",
    "ec2_region_name": "eu-central-1",
    "ec2_region_endpoint": "ec2.eu-central-1.amazonaws.com",
    "ec2_conn_path": "/",
    "ec2_is_secure": true,
    "ec2_port": null
  }
},
{
  "model": "baselaunch.ec2",
  "pk": 3,
  "fields": {
    "added": "2016-06-26T03:11:41.171Z",
    "updated": "2016-06-26T03:11:41.171Z",
    "name": "Amazon EC2 AP - Sydney",
    "ec2_region_name": "ap-southeast-2",
    "ec2_region_endpoint": "ec2.ap-southeast-2.amazonaws.com",
    "ec2_conn_path": "/",
    "ec2_is_secure": true,
    "ec2_port": null
  }
},
{
  "model": "baselaunch.ec2",
  "pk": 4,
  "fields": {
    "added": "2016-06-26T12:28:25.156Z",
    "updated": "2016-06-26T12:28:25.156Z",
    "name": "EC2 US East",
    "ec2_region_name": "us-east-1",
    "ec2_region_endpoint": "ec2.us-east-1.amazonaws.com",
    "ec2_conn_path": "/",
    "ec2_is_secure": true,
    "ec2_port": null
  }
},
{
  "model": "baselaunch.ec2",
  "pk": 5,
  "fields": {
    "added": "2017-01-06T04:43:19.594Z",
    "updated": "2017-01-06T04:43:40.299Z",
    "name": "Amazon EC2 west 1 - Ireland",
    "ec2_region_name": "eu-west-1",
    "ec2_region_endpoint": "ec2.eu-west-1.amazonaws.com",
    "ec2_conn_path": "/",
    "ec2_is_secure": true,
    "ec2_port": null
  }
},
{
  "model": "baselaunch.ec2",
  "pk": 6,
  "fields": {
    "added": "2017-01-30T21:15:18.355Z",
    "updated": "2017-01-30T21:15:18.356Z",
    "name": "Amazon EC2 AP NE 2 - Seoul",
    "ec2_region_name": "ap-northeast-2",
    "ec2_region_endpoint": "ec2.ap-northeast-2.amazonaws.com",
    "ec2_conn_path": "/",
    "ec2_is_secure": true,
    "ec2_port": null
  }
},
{
  "model": "baselaunch.ec2",
  "pk": 7,
  "fields": {
    "added": "2017-03-02T21:55:05.062Z",
    "updated": "2017-03-02T21:55:05.062Z",
    "name": "Amazon EC2 US East 2 - Ohio",
    "ec2_region_name": "us-east-2",
    "ec2_region_endpoint": "ec2.us-east-2.amazonaws.com",
    "ec2_conn_path": "/",
    "ec2_is_secure": true,
    "ec2_port": null
  }
},
{
  "model": "baselaunch.s3",
  "pk": 1,
  "fields": {
    "added": "2016-06-26T03:02:15.568Z",
    "updated": "2016-06-26T03:02:15.568Z",
    "name": "Amazon S3 US East - N. Virginia",
    "s3_host": "s3.amazonaws.com",
    "s3_conn_path": "/",
    "s3_is_secure": true,
    "s3_port": null
  }
},
{
  "model": "baselaunch.s3",
  "pk": 2,
  "fields": {
    "added": "2016-06-26T03:10:31.624Z",
    "updated": "2016-06-26T03:10:31.624Z",
    "name": "Amazon S3 EU - Frankfurt",
    "s3_host": "s3.eu-central-1.amazonaws.com",
    "s3_conn_path": "/",
    "s3_is_secure": true,
    "s3_port": null
  }
},
{
  "model": "baselaunch.s3",
  "pk": 3,
  "fields": {
    "added": "2016-06-26T03:12:47.310Z",
    "updated": "2016-06-26T03:12:47.310Z",
    "name": "Amazon S3 AP - Sydney",
    "s3_host": "s3-ap-southeast-2.amazonaws.com",
    "s3_conn_path": "/",
    "s3_is_secure": true,
    "s3_port": null
  }
},
{
  "model": "baselaunch.s3",
  "pk": 4,
  "fields": {
    "added": "2016-06-26T12:29:29.976Z",
    "updated": "2016-06-26T12:29:29.976Z",
    "name": "S3 US East",
    "s3_host": "s3.amazonaws.com",
    "s3_conn_path": "/",
    "s3_is_secure": true,
    "s3_port": null
  }
},
{
  "model": "baselaunch.s3",
  "pk": 5,
  "fields": {
    "added": "2017-01-06T04:44:28.383Z",
    "updated": "2017-01-06T04:44:28.383Z",
    "name": "Amazon S3 West 1 - Ireland",
    "s3_host": "s3-eu-west-1.amazonaws.com",
    "s3_conn_path": "/",
    "s3_is_secure": true,
    "s3_port": null
  }
},
{
  "model": "baselaunch.s3",
  "pk": 6,
  "fields": {
    "added": "2017-03-02T21:56:32.531Z",
    "updated": "2017-03-02T21:56:32.531Z",
    "name": "Amazon EC2 US East 2 - Ohio",
    "s3_host": "s3.us-east-2.amazonaws.com",
    "s3_conn_path": "/",
    "s3_is_secure": true,
    "s3_port": null
  }
},
{
  "model": "baselaunch.openstack",
  "pk": "bwcloud",
  "fields": {
    "auth_url": "https://bwcloud.ruf.uni-freiburg.de:5000/v2.0",
    "region_name": "Freiburg",
    "identity_api_version": null
  }
},
{
  "model": "baselaunch.openstack",
  "pk": "chameleon",
  "fields": {
    "auth_url": "https://openstack.tacc.chameleoncloud.org:5000/v2.0",
    "region_name": "RegionOne",
    "identity_api_version": null
  }
},
{
  "model": "baselaunch.openstack",
  "pk": "jetstream",
  "fields": {
    "auth_url": "https://jblb.jetstream-cloud.org:35357/v3",
    "region_name": "RegionOne",
    "identity_api_version": null
  }
},
{
  "model": "baselaunch.openstack",
  "pk": "nectar",
  "fields": {
    "auth_url": "https://keystone.rc.nectar.org.au:5000/v2.0/",
    "region_name": "Melbourne",
    "identity_api_version": "v2.0"
  }
},
{
  "model": "baselaunch.image",
  "pk": 1,
  "fields": {
    "added": "2016-06-26T02:53:50.478Z",
    "updated": "2016-11-23T08:46:15.147Z",
    "name": "GVL 4.1.0",
    "image_id": "de9ac3fb-783d-47e5-8a2b-55084bf26925",
    "description": "GVL 4.1.0 release"
  }
},
{
  "model": "baselaunch.image",
  "pk": 2,
  "fields": {
    "added": "2016-06-26T02:57:19.695Z",
    "updated": "2016-06-26T02:57:19.695Z",
    "name": "GVL 4.0.0",
    "image_id": "e6869a87-4766-4e57-9da6-3b6d0c10c8e1",
    "description": "GVL 4.0.0 release"
  }
},
{
  "model": "baselaunch.image",
  "pk": 3,
  "fields": {
    "added": "2016-06-26T03:08:59.050Z",
    "updated": "2017-04-21T14:17:30.946Z",
    "name": "GVL 4.1.0",
    "image_id": "ami-14781d03",
    "description": "GVL 4.1.0 Release"
  }
},
{
  "model": "baselaunch.image",
  "pk": 4,
  "fields": {
    "added": "2016-06-26T03:08:59.052Z",
    "updated": "2016-06-26T03:08:59.052Z",
    "name": "GVL 4.0.0",
    "image_id": "ami-ebb5cf8e",
    "description": "GVL 4.0.0 Release"
  }
},
{
  "model": "baselaunch.image",
  "pk": 5,
  "fields": {
    "added": "2016-06-26T03:11:01.181Z",
    "updated": "2016-06-26T03:11:01.181Z",
    "name": "GVL 4.1.0",
    "image_id": "ami-0db65e62",
    "description": "GVL 4.1.0 Release"
  }
},
{
  "model": "baselaunch.image",
  "pk": 6,
  "fields": {
    "added": "2016-06-26T03:13:18.317Z",
    "updated": "2017-04-21T14:29:24.926Z",
    "name": "GVL 4.1.0",
    "image_id": "ami-9a7542f9",
    "description": "GVL 4.1.0 Release"
  }
},
{
  "model": "baselaunch.image",
  "pk": 8,
  "fields": {
    "added": "2016-06-26T12:33:04.372Z",
    "updated": "2016-06-26T12:33:04.372Z",
    "name": "Galaxy CloudMan 16.03",
    "image_id": "ami-b45e59de",
    "description": ""
  }
},
{
  "model": "baselaunch.image",
  "pk": 9,
  "fields": {
    "added": "2016-06-27T22:14:06.443Z",
    "updated": "2016-06-27T22:14:06.444Z",
    "name": "Ubuntu 14.04",
    "image_id": "ami-fce3c696",
    "description": ""
  }
},
{
  "model": "baselaunch.image",
  "pk": 10,
  "fields": {
    "added": "2016-06-28T15:30:29.292Z",
    "updated": "2017-01-23T20:05:01.101Z",
    "name": "Galaxy Standalone 16.07",
    "image_id": "2cf07e4a-62a8-41c2-9282-f3c53962f296",
    "description": "https://wiki.galaxyproject.org/Cloud/Jetstream"
  }
},
{
  "model": "baselaunch.image",
  "pk": 11,
  "fields": {
    "added": "2016-06-29T04:18:44.682Z",
    "updated": "2016-06-29T04:18:44.682Z",
    "name": "Galaxy OS",
    "image_id": "5d2af6bd-c8c9-4ca2-9203-d28194e4b9e3",
    "description": "Based operating system for Galaxy on Ubuntu 14.04"
  }
},
{
  "model": "baselaunch.image",
  "pk": 12,
  "fields": {
    "added": "2016-06-29T08:18:34.792Z",
    "updated": "2017-01-24T12:19:16.349Z",
    "name": "Ubuntu 16.04",
    "image_id": "dd8c8969-5e4f-4482-9097-c5a896bc46f8",
    "description": "Ubuntu 16.04 Xenial"
  }
},
{
  "model": "baselaunch.image",
  "pk": 13,
  "fields": {
    "added": "2016-12-23T13:04:26.907Z",
    "updated": "2016-12-23T13:04:26.907Z",
    "name": "Ubuntu 16.04 with Docker",
    "image_id": "14142384-6ff9-4bcc-a65d-dbe2b03d9382",
    "description": ""
  }
},
{
  "model": "baselaunch.image",
  "pk": 14,
  "fields": {
    "added": "2016-12-23T15:05:05.395Z",
    "updated": "2017-07-11T16:16:53.176Z",
    "name": "Ubuntu 16.04",
    "image_id": "9b3a67a2-2c0e-4d6d-af64-90d66e6312e1",
    "description": "https://jblb.jetstream-cloud.org/dashboard/project/ngdetails/OS::Glance::Image/9b3a67a2-2c0e-4d6d-af64-90d66e6312e1"
  }
},
{
  "model": "baselaunch.image",
  "pk": 15,
  "fields": {
    "added": "2017-01-03T20:21:08.039Z",
    "updated": "2017-01-06T04:39:59.117Z",
    "name": "Ubuntu 16.04 with Docker",
    "image_id": "ami-54fd1842",
    "description": ""
  }
},
{
  "model": "baselaunch.image",
  "pk": 16,
  "fields": {
    "added": "2017-01-03T20:50:14.784Z",
    "updated": "2017-01-23T20:05:01.103Z",
    "name": "Ubuntu 16.04 with Docker",
    "image_id": "0df49222-8014-4a7a-9933-e7383a09678f",
    "description": ""
  }
},
{
  "model": "baselaunch.image",
  "pk": 18,
  "fields": {
    "added": "2017-01-04T02:29:03.689Z",
    "updated": "2017-01-06T04:45:03.628Z",
    "name": "Ubuntu 16.04 with Docker",
    "image_id": "ami-560c0935",
    "description": ""
  }
},
{
  "model": "baselaunch.image",
  "pk": 19,
  "fields": {
    "added": "2017-01-06T04:44:48.317Z",
    "updated": "2017-01-06T04:44:48.317Z",
    "name": "Ubuntu 16.04 with Docker",
    "image_id": "ami-65b09e16",
    "description": ""
  }
},
{
  "model": "baselaunch.image",
  "pk": 86,
  "fields": {
    "added": "2017-01-23T20:32:18.692Z",
    "updated": "2017-01-23T20:32:18.692Z",
    "name": "Galaxy CloudMan 16.11",
    "image_id": "ami-3be8cd2c",
    "description": "Use with Galaxy 16.07 and 16.10; built 20161101b2"
  }
},
{
  "model": "baselaunch.image",
  "pk": 87,
  "fields": {
    "added": "2017-01-23T20:33:13.367Z",
    "updated": "2017-01-23T20:33:13.367Z",
    "name": "Galaxy CloudMan 16.11",
    "image_id": "ami-9ba490e8",
    "description": "Use with Galaxy 16.07 and 16.10; built 20161101b2"
  }
},
{
  "model": "baselaunch.image",
  "pk": 88,
  "fields": {
    "added": "2017-01-30T21:15:52.295Z",
    "updated": "2017-01-30T21:15:52.295Z",
    "name": "Galaxy CloudMan 161101b2",
    "image_id": "ami-963feef8",
    "description": ""
  }
},
{
  "model": "baselaunch.image",
  "pk": 89,
  "fields": {
    "added": "2017-01-31T17:07:56.661Z",
    "updated": "2017-01-31T17:07:56.661Z",
    "name": "Ubuntu 16.04 LTS",
    "image_id": "ami-f293459c",
    "description": "Base, official Ubuntu image"
  }
},
{
  "model": "baselaunch.image",
  "pk": 90,
  "fields": {
    "added": "2017-02-04T14:27:18.567Z",
    "updated": "2017-02-04T14:27:18.567Z",
    "name": "Ubuntu 16.04 with Docker",
    "image_id": "6c9f7eb0-bc5d-4149-8e21-b9705d285b1d",
    "description": "Ubuntu 16.04 with Docker"
  }
},
{
  "model": "baselaunch.image",
  "pk": 91,
  "fields": {
    "added": "2017-03-02T21:57:34.572Z",
    "updated": "2017-03-02T21:57:34.572Z",
    "name": "Galaxy CloudMan 16.11",
    "image_id": "ami-2b8aaf4e",
    "description": "Galaxy CloudMan 161101b2"
  }
},
{
  "model": "baselaunch.image",
  "pk": 92,
  "fields": {
    "added": "2017-03-14T20:21:00.482Z",
    "updated": "2017-07-11T22:18:44.787Z",
    "name": "Galaxy 17.01",
    "image_id": "40b7eb4b-761c-49f5-93b2-b35adcf87aaf",
    "description": "2017-03-23b1"
  }
},
{
  "model": "baselaunch.image",
  "pk": 93,
  "fields": {
    "added": "2017-03-25T22:37:07.995Z",
    "updated": "2017-07-20T02:31:40.468Z",
    "name": "Galaxy 17.01 (beta) - no Conda deps",
    "image_id": "27ee63ff-2298-4ab5-8123-c78346fd2340",
    "description": "65b641a2-cbf6-4016-ae80-e9eb7a1a7d3e"
  }
},
{
  "model": "baselaunch.image",
  "pk": 94,
  "fields": {
    "added": "2017-03-28T03:30:46.901Z",
    "updated": "2017-06-10T13:33:25.255Z",
    "name": "GVL 4.2.0 Alpha (Dev Only)",
    "image_id": "4144deec-9321-47bb-beb7-d7c652cee359",
    "description": "GVL 4.2.0 Alpha (Dev Only)"
  }
},
{
  "model": "baselaunch.image",
  "pk": 95,
  "fields": {
    "added": "2017-07-12T14:52:37.394Z",
    "updated": "2017-07-12T14:52:37.394Z",
    "name": "Ubuntu 14.04",
    "image_id": "7f04320f-8a53-407e-b918-6690b584c6c2",
    "description": "JS-API-Featured-Ubuntu14-Jun-9-2017"
  }
},
{
  "model": "baselaunch.image",
  "pk": 96,
  "fields": {
    "added": "2017-07-12T16:09:42.044Z",
    "updated": "2017-07-12T16:09:42.044Z",
    "name": "Galaxy 17.05",
    "image_id": "3a788c97-6f6d-44d9-9f7d-59867f9cdcf8",
    "description": ""
  }
},
{
  "model": "baselaunch.image",
  "pk": 97,
  "fields": {
    "added": "2017-08-02T19:43:54.911Z",
    "updated": "2017-08-02T19:43:54.911Z",
    "name": "Galaxy 17.01.01",
    "image_id": "b4b6fdbb-4253-4d24-989f-1e2290a2732f",
    "description": ""
  }
},
{
  "model": "baselaunch.cloudimage",
  "pk": 1,
  "fields": {
    "cloud": "nectar"
  }
},
{
  "model": "baselaunch.cloudimage",
  "pk": 2,
  "fields": {
    "cloud": "nectar"
  }
},
{
  "model": "baselaunch.cloudimage",
  "pk": 3,
  "fields": {
    "cloud": "amazon-us-east-n-virginia"
  }
},
{
  "model": "baselaunch.cloudimage",
  "pk": 4,
  "fields": {
    "cloud": "amazon-us-east-n-virginia"
  }
},
{
  "model": "baselaunch.cloudimage",
  "pk": 5,
  "fields": {
    "cloud": "amazon-eu-frankfurt"
  }
},
{
  "model": "baselaunch.cloudimage",
  "pk": 6,
  "fields": {
    "cloud": "amazon-ap-sydney"
  }
},
{
  "model": "baselaunch.cloudimage",
  "pk": 8,
  "fields": {
    "cloud": "amazon-us-east-n-virginia"
  }
},
{
  "model": "baselaunch.cloudimage",
  "pk": 9,
  "fields": {
    "cloud": "amazon-us-east-n-virginia"
  }
},
{
  "model": "baselaunch.cloudimage",
  "pk": 10,
  "fields": {
    "cloud": "jetstream"
  }
},
{
  "model": "baselaunch.cloudimage",
  "pk": 11,
  "fields": {
    "cloud": "chameleon"
  }
},
{
  "model": "baselaunch.cloudimage",
  "pk": 12,
  "fields": {
    "cloud": "nectar"
  }
},
{
  "model": "baselaunch.cloudimage",
  "pk": 13,
  "fields": {
    "cloud": "bwcloud"
  }
},
{
  "model": "baselaunch.cloudimage",
  "pk": 14,
  "fields": {
    "cloud": "jetstream"
  }
},
{
  "model": "baselaunch.cloudimage",
  "pk": 15,
  "fields": {
    "cloud": "amazon-us-east-n-virginia"
  }
},
{
  "model": "baselaunch.cloudimage",
  "pk": 16,
  "fields": {
    "cloud": "jetstream"
  }
},
{
  "model": "baselaunch.cloudimage",
  "pk": 18,
  "fields": {
    "cloud": "amazon-ap-sydney"
  }
},
{
  "model": "baselaunch.cloudimage",
  "pk": 19,
  "fields": {
    "cloud": "amazon-eu-west-1-ireland"
  }
},
{
  "model": "baselaunch.cloudimage",
  "pk": 86,
  "fields": {
    "cloud": "amazon-us-east-n-virginia"
  }
},
{
  "model": "baselaunch.cloudimage",
  "pk": 87,
  "fields": {
    "cloud": "amazon-eu-west-1-ireland"
  }
},
{
  "model": "baselaunch.cloudimage",
  "pk": 88,
  "fields": {
    "cloud": "amazon-ap-seoul"
  }
},
{
  "model": "baselaunch.cloudimage",
  "pk": 89,
  "fields": {
    "cloud": "amazon-ap-seoul"
  }
},
{
  "model": "baselaunch.cloudimage",
  "pk": 90,
  "fields": {
    "cloud": "nectar"
  }
},
{
  "model": "baselaunch.cloudimage",
  "pk": 91,
  "fields": {
    "cloud": "amazon-us-east-2-ohio"
  }
},
{
  "model": "baselaunch.cloudimage",
  "pk": 92,
  "fields": {
    "cloud": "jetstream"
  }
},
{
  "model": "baselaunch.cloudimage",
  "pk": 93,
  "fields": {
    "cloud": "jetstream"
  }
},
{
  "model": "baselaunch.cloudimage",
  "pk": 94,
  "fields": {
    "cloud": "nectar"
  }
},
{
  "model": "baselaunch.cloudimage",
  "pk": 95,
  "fields": {
    "cloud": "jetstream"
  }
},
{
  "model": "baselaunch.cloudimage",
  "pk": 96,
  "fields": {
    "cloud": "jetstream"
  }
},
{
  "model": "baselaunch.cloudimage",
  "pk": 97,
  "fields": {
    "cloud": "jetstream"
  }
},
{
  "model": "baselaunch.application",
  "pk": "biodocklet",
  "fields": {
    "added": "2017-03-13T14:27:43.129Z",
    "updated": "2017-04-17T14:36:16.369Z",
    "name": "BioDocklet",
    "summary": "",
    "maintainer": "thahmina.ali62@myhunter.cuny.edu",
    "description": "",
    "info_url": "https://www.youtube.com/watch?v=27HLdQVq7_g",
    "icon_url": "http://i.imgur.com/ViePkQP.jpg",
    "default_launch_config": "",
    "default_version": 13
  }
},
{
  "model": "baselaunch.application",
  "pk": "cloudman-20",
  "fields": {
    "added": "2017-06-19T22:55:20.860Z",
    "updated": "2017-06-19T22:59:41.712Z",
    "name": "CloudMan 2.0",
    "summary": "An all-new version of CloudMan",
    "maintainer": "enis.afgan@jhu.edu",
    "description": "This appliance will launch a new version of CloudMan - at the moment, this is purely for development purposes and the application has no useful features yet.",
    "info_url": "https://docs.google.com/presentation/d/1h9PVEGdVIHEat_JWTjYZWuU1R23IeGlMW8PZd8yJVuE/edit#slide=id.p",
    "icon_url": "https://i.imgur.com/4cJu1lC.png",
    "default_launch_config": "",
    "default_version": 24
  }
},
{
  "model": "baselaunch.application",
  "pk": "cloudman-cluster",
  "fields": {
    "added": "2016-06-26T02:52:12.705Z",
    "updated": "2017-05-17T18:13:38.676Z",
    "name": "CloudMan Cluster",
    "summary": "A standalone Slurm cluster-in-the-cloud",
    "maintainer": "The Galaxy Team",
    "description": "This appliance creates a traditional batch cluster based on the Slurm job scheduler. You can dynamically scale the size of the cluster through CloudMan web interface and submit the jobs just link on any other Slurm cluster.",
    "info_url": "http://cloudman.irb.hr/",
    "icon_url": "https://i.imgur.com/4cJu1lC.png",
    "default_launch_config": "",
    "default_version": 21
  }
},
{
  "model": "baselaunch.application",
  "pk": "docker-galaxy",
  "fields": {
    "added": "2016-12-23T13:13:54.853Z",
    "updated": "2017-08-09T18:25:04.683Z",
    "name": "Docker Galaxy",
    "summary": "A great variety of preconfigured Galaxy flavors can be launched here.",
    "maintainer": "bjoern.gruening@gmail.com",
    "description": "The Galaxy Docker Image is an easy distributable full-fledged Galaxy installation that can be used for testing, teaching and presenting new tools and features. This appliance will launch a virtual machine with Galaxy running inside a Docker container. A number of different flavors can exist where Galaxy has been pre-configured for a certain type of analysis, such as RNA-Seq or Exome sequencing. Note that it takes up to 20 minutes for this appliance to start.",
    "info_url": "https://github.com/bgruening/docker-galaxy-stable",
    "icon_url": "https://i.imgur.com/jktC9QS.png",
    "default_launch_config": "",
    "default_version": 7
  }
},
{
  "model": "baselaunch.application",
  "pk": "docker_launch",
  "fields": {
    "added": "2017-01-26T18:45:15.792Z",
    "updated": "2017-02-04T19:12:25.002Z",
    "name": "Docker Launch",
    "summary": "This app can launch arbitrary docker containers on a given cloud.",
    "maintainer": "",
    "description": "This app can launch arbitrary docker containers on a given cloud. Select the docker container from docker hub, change the desired port mappings and environment variables and hit launch.",
    "info_url": "",
    "icon_url": "https://i.imgur.com/jktC9QS.png",
    "default_launch_config": "",
    "default_version": 12
  }
},
{
  "model": "baselaunch.application",
  "pk": "galaxy-cloud",
  "fields": {
    "added": "2016-06-26T02:32:38.336Z",
    "updated": "2017-06-22T14:32:52.600Z",
    "name": "Galaxy CloudMan",
    "summary": "Pre-configured Galaxy instance on a scalable cluster-in-the-cloud.",
    "maintainer": "enis.afgan@jhu.edu",
    "description": "Galaxy is an open, web-based platform for data intensive biomedical research. Whether on the free public server or your own instance, you can perform, reproduce, and share complete analyses. This appliance comes preconfigured with hundreds of tools and terabytes of reference genomes. Further, the amount of compute capacity can be dynamically scaled with CloudMan.\r\nOnce you have launched this appliance, to login to the CloudMan interface, use username ubuntu and the password you choose during the launch process.",
    "info_url": "https://galaxyproject.org/",
    "icon_url": "https://i.imgur.com/bVPmVYo.png",
    "default_launch_config": "",
    "default_version": 22
  }
},
{
  "model": "baselaunch.application",
  "pk": "galaxy-stanalone-vm",
  "fields": {
    "added": "2016-06-28T15:38:10.548Z",
    "updated": "2017-08-02T19:44:30.832Z",
    "name": "Galaxy Standalone VM",
    "summary": "A standalone Galaxy virtual machine, configured and ready for use.",
    "maintainer": "enis.afgan@jhu.edu",
    "description": "This is a standalone Galaxy server that comes preconfigured with hundreds of tools and commonly used reference datasets: just launch and use. If you want to use more than one virtual machine, take a look at the Galaxy CloudMan or the Genomics Virtual Lab appliances.\r\n\r\nIt is necessary to launch an instance type of Large or larger.",
    "info_url": "https://wiki.galaxyproject.org/Cloud/Jetstream",
    "icon_url": "https://i.imgur.com/XdDJNnF.png",
    "default_launch_config": "",
    "default_version": 14
  }
},
{
  "model": "baselaunch.application",
  "pk": "genomics-virtual-lab",
  "fields": {
    "added": "2016-06-26T02:30:40.098Z",
    "updated": "2017-08-14T16:41:20.089Z",
    "name": "Genomics Virtual Lab",
    "summary": "A versatile genomics workbench with Galaxy, RStudio and Jupyter.",
    "maintainer": "GVL Team",
    "description": "The Genomics Virtual Laboratory takes the IT out of Bioinformatics. It lets Biologists use a suite of genomics analysis tools that currently often require specialist assistance. The tools provided by the GVL can help you with creating an elastic compute cluster on the cloud and running your analyses on that cluster. The GVL can also help you with protocols and tutorials for common analysis problems.",
    "info_url": "https://genome.edu.au/",
    "icon_url": "https://vlsci.github.io/lscc_docs/tutorials/assembly/media/gvl_logo.jpg",
    "default_launch_config": "{\r\n   \"config_gvl\": {\r\n      \"config_cloudman\": {\r\n         \"masterPostStartScript\": \"file:///opt/gvl/scripts/triggers;file:///mnt/galaxy/gvl/poststart.d\",\r\n         \"cluster_templates\": [\r\n            {\r\n               \"name\": \"Galaxy\",\r\n               \"filesystem_templates\": [\r\n                  {\r\n                     \"name\": \"galaxy\",\r\n                     \"roles\": \"galaxyTools,galaxyData\"\r\n                  },\r\n                  {\r\n                     \"name\": \"galaxyIndices\",\r\n                     \"roles\": \"galaxyIndices\"\r\n                  }\r\n               ]\r\n            },\r\n            {\r\n               \"name\": \"Data\",\r\n               \"filesystem_templates\": [\r\n                  {\r\n                     \"type\": \"volume\",\r\n                     \"name\": \"galaxy\"\r\n                  }\r\n               ]\r\n            }\r\n         ]\r\n      }\r\n   },\r\n   \"config_cloudlaunch\": {\r\n       \"instanceType\": \"m1.medium\",\r\n      \"provider_settings\": {\r\n         \"ebsOptimised\": true\r\n       },\r\n       \"firewall\": [\r\n          {\r\n             \"securityGroup\": \"CloudLaunch\",\r\n             \"rules\": [\r\n                {\r\n                   \"protocol\": \"tcp\",\r\n                   \"from\": \"80\",\r\n                   \"to\": \"80\",\r\n                   \"cidr\": \"0.0.0.0/0\"\r\n                },\r\n                {\r\n                   \"protocol\": \"tcp\",\r\n                   \"from\": \"22\",\r\n                   \"to\": \"22\",\r\n                   \"cidr\": \"0.0.0.0/0\"\r\n                },\r\n                {\r\n                   \"protocol\": \"tcp\",\r\n                   \"from\": \"1\",\r\n                   \"to\": \"65535\",\r\n                   \"cidr\": \"0.0.0.0/0\",\r\n                   \"src_group\": \"CloudLaunch\"\r\n                }\r\n             ]\r\n          }\r\n       ]\r\n    }\r\n}",
    "default_version": 1
  }
},
{
  "model": "baselaunch.application",
  "pk": "ubuntu",
  "fields": {
    "added": "2016-06-27T22:10:17.212Z",
    "updated": "2017-07-12T14:53:23.462Z",
    "name": "Ubuntu",
    "summary": "Ubuntu operating system",
    "maintainer": "Canonical Inc.",
    "description": "Ubuntu is a Debian-based Linux operating system and distribution for personal computers, smartphones and network servers. This appliance is a bare-bones version of this operating system.",
    "info_url": "https://en.wikipedia.org/wiki/Ubuntu_(operating_system)",
    "icon_url": "https://upload.wikimedia.org/wikipedia/commons/3/3a/Logo-ubuntu_no%28r%29-black_orange-hex.svg?download",
    "default_launch_config": "",
    "default_version": 5
  }
},
{
  "model": "baselaunch.applicationversion",
  "pk": 1,
  "fields": {
    "application": "genomics-virtual-lab",
    "version": "4.1.0 - GVL Tutorial",
    "frontend_component_path": "app/marketplace/plugins/plugins.module",
    "frontend_component_name": "PluginsModule#GVLConfigComponent",
    "backend_component_name": "baselaunch.backend_plugins.gvl_app.GVLAppPlugin",
    "default_launch_config": "",
    "default_cloud": "nectar"
  }
},
{
  "model": "baselaunch.applicationversion",
  "pk": 2,
  "fields": {
    "application": "genomics-virtual-lab",
    "version": "4.1.0 - GVL Blank Indices",
    "frontend_component_path": "app/marketplace/plugins/plugins.module",
    "frontend_component_name": "PluginsModule#GVLConfigComponent",
    "backend_component_name": "baselaunch.backend_plugins.gvl_app.GVLAppPlugin",
    "default_launch_config": "",
    "default_cloud": null
  }
},
{
  "model": "baselaunch.applicationversion",
  "pk": 3,
  "fields": {
    "application": "cloudman-cluster",
    "version": "16.05",
    "frontend_component_path": "app/marketplace/plugins/plugins.module",
    "frontend_component_name": "PluginsModule#CloudManConfigComponent",
    "backend_component_name": "baselaunch.backend_plugins.cloudman_app.CloudManAppPlugin",
    "default_launch_config": "",
    "default_cloud": "amazon-us-east-n-virginia"
  }
},
{
  "model": "baselaunch.applicationversion",
  "pk": 4,
  "fields": {
    "application": "galaxy-cloud",
    "version": "16.04",
    "frontend_component_path": "app/marketplace/plugins/plugins.module",
    "frontend_component_name": "PluginsModule#CloudManConfigComponent",
    "backend_component_name": "baselaunch.backend_plugins.cloudman_app.CloudManAppPlugin",
    "default_launch_config": "",
    "default_cloud": "amazon-us-east-n-virginia"
  }
},
{
  "model": "baselaunch.applicationversion",
  "pk": 5,
  "fields": {
    "application": "ubuntu",
    "version": "16.04",
    "frontend_component_path": "app/marketplace/plugins/plugins.module",
    "frontend_component_name": "PluginsModule#UbuntuConfigComponent",
    "backend_component_name": "baselaunch.backend_plugins.base_vm_app.BaseVMAppPlugin",
    "default_launch_config": "",
    "default_cloud": "jetstream"
  }
},
{
  "model": "baselaunch.applicationversion",
  "pk": 6,
  "fields": {
    "application": "galaxy-stanalone-vm",
    "version": "16.07",
    "frontend_component_path": "app/marketplace/plugins/plugins.module",
    "frontend_component_name": "PluginsModule#UbuntuConfigComponent",
    "backend_component_name": "baselaunch.backend_plugins.base_vm_app.BaseVMAppPlugin",
    "default_launch_config": "{\r\n   \"config_cloudlaunch\": {\r\n       \"instanceType\": \"m1.large\",\r\n       \"firewall\": [\r\n          {\r\n             \"securityGroup\": \"CloudLaunch\",\r\n             \"rules\": [\r\n                {\r\n                   \"protocol\": \"tcp\",\r\n                   \"from\": \"80\",\r\n                   \"to\": \"80\",\r\n                   \"cidr\": \"0.0.0.0/0\"\r\n                },\r\n                {\r\n                   \"protocol\": \"tcp\",\r\n                   \"from\": \"22\",\r\n                   \"to\": \"22\",\r\n                   \"cidr\": \"0.0.0.0/0\"\r\n                },\r\n                {\r\n                   \"protocol\": \"tcp\",\r\n                   \"from\": \"20\",\r\n                   \"to\": \"21\",\r\n                   \"cidr\": \"0.0.0.0/0\"\r\n                },\r\n                {\r\n                   \"protocol\": \"tcp\",\r\n                   \"from\": \"30000\",\r\n                   \"to\": \"30100\",\r\n                   \"cidr\": \"0.0.0.0/0\"\r\n                },\r\n                 {\r\n                   \"protocol\": \"tcp\",\r\n                   \"from\": \"30000\",\r\n                   \"to\": \"30100\",\r\n                   \"cidr\": \"0.0.0.0/0\",\r\n                   \"src_group\": \"CloudLaunchTMP\"\r\n                }\r\n             ]\r\n          }\r\n       ]\r\n    }\r\n}",
    "default_cloud": "jetstream"
  }
},
{
  "model": "baselaunch.applicationversion",
  "pk": 7,
  "fields": {
    "application": "docker-galaxy",
    "version": "RNA workbench",
    "frontend_component_path": "app/marketplace/plugins/plugins.module",
    "frontend_component_name": "PluginsModule#UbuntuConfigComponent",
    "backend_component_name": "baselaunch.backend_plugins.base_vm_app.BaseVMAppPlugin",
    "default_launch_config": "{\r\n   \"config_cloudlaunch\": {\r\n       \"instance_user_data\": \"#!/bin/bash\\ndocker run -d -p 8888:80 -p 8021:21 -p 8022:22 bgruening/galaxy-rna-workbench\",\r\n       \"instanceType\": \"c3.large\",\r\n       \"firewall\": [\r\n          {\r\n             \"securityGroup\": \"CloudLaunch\",\r\n             \"rules\": [\r\n                {\r\n                   \"protocol\": \"tcp\",\r\n                   \"from\": \"80\",\r\n                   \"to\": \"80\",\r\n                   \"cidr\": \"0.0.0.0/0\"\r\n                },\r\n                {\r\n                   \"protocol\": \"tcp\",\r\n                   \"from\": \"22\",\r\n                   \"to\": \"22\",\r\n                   \"cidr\": \"0.0.0.0/0\"\r\n                },\r\n                {\r\n                   \"protocol\": \"tcp\",\r\n                   \"from\": \"20\",\r\n                   \"to\": \"21\",\r\n                   \"cidr\": \"0.0.0.0/0\"\r\n                },\r\n                {\r\n                   \"protocol\": \"tcp\",\r\n                   \"from\": \"30000\",\r\n                   \"to\": \"30100\",\r\n                   \"cidr\": \"0.0.0.0/0\"\r\n                }\r\n             ]\r\n          }\r\n       ]\r\n    }\r\n}",
    "default_cloud": "jetstream"
  }
},
{
  "model": "baselaunch.applicationversion",
  "pk": 8,
  "fields": {
    "application": "ubuntu",
    "version": "14.04",
    "frontend_component_path": "app/marketplace/plugins/plugins.module",
    "frontend_component_name": "PluginsModule#UbuntuConfigComponent",
    "backend_component_name": "baselaunch.backend_plugins.base_vm_app.BaseVMAppPlugin",
    "default_launch_config": "",
    "default_cloud": null
  }
},
{
  "model": "baselaunch.applicationversion",
  "pk": 9,
  "fields": {
    "application": "docker-galaxy",
    "version": "Exome sequencing",
    "frontend_component_path": "app/marketplace/plugins/plugins.module",
    "frontend_component_name": "PluginsModule#UbuntuConfigComponent",
    "backend_component_name": "baselaunch.backend_plugins.base_vm_app.BaseVMAppPlugin",
    "default_launch_config": "{\r\n   \"config_cloudlaunch\": {\r\n       \"instance_user_data\": \"#!/bin/bash\\ndocker run -d -p 8888:80 bgruening/galaxy-exome-seq\",\r\n       \"instanceType\": \"m1.large\",\r\n       \"firewall\": [\r\n          {\r\n             \"securityGroup\": \"CloudLaunch\",\r\n             \"rules\": [\r\n                {\r\n                   \"protocol\": \"tcp\",\r\n                   \"from\": \"80\",\r\n                   \"to\": \"80\",\r\n                   \"cidr\": \"0.0.0.0/0\"\r\n                },\r\n                {\r\n                   \"protocol\": \"tcp\",\r\n                   \"from\": \"22\",\r\n                   \"to\": \"22\",\r\n                   \"cidr\": \"0.0.0.0/0\"\r\n                },\r\n                {\r\n                   \"protocol\": \"tcp\",\r\n                   \"from\": \"20\",\r\n                   \"to\": \"21\",\r\n                   \"cidr\": \"0.0.0.0/0\"\r\n                },\r\n                {\r\n                   \"protocol\": \"tcp\",\r\n                   \"from\": \"30000\",\r\n                   \"to\": \"30100\",\r\n                   \"cidr\": \"0.0.0.0/0\"\r\n                }\r\n             ]\r\n          }\r\n       ]\r\n    }\r\n}",
    "default_cloud": "jetstream"
  }
},
{
  "model": "baselaunch.applicationversion",
  "pk": 10,
  "fields": {
    "application": "galaxy-cloud",
    "version": "16.10",
    "frontend_component_path": "app/marketplace/plugins/plugins.module",
    "frontend_component_name": "PluginsModule#CloudManConfigComponent",
    "backend_component_name": "baselaunch.backend_plugins.cloudman_app.CloudManAppPlugin",
    "default_launch_config": "{\r\n   \"config_cloudman\": {\r\n       \"defaultBucket\": \"cloudman\",\r\n       \"storageType\": \"volume\",\r\n       \"clusterType\": \"Galaxy\",\r\n       \"cluster_templates\": [\r\n          {\r\n             \"name\": \"Galaxy\",\r\n             \"filesystem_templates\": [\r\n                {\r\n                   \"data_source\": \"archive\",\r\n                   \"name\": \"galaxy\",\r\n                   \"roles\": \"galaxyTools,galaxyData\",\r\n                   \"archive_url\": \"http://s3.amazonaws.com/cloudman/fs-archives/galaxyFS-20170125.tar.gz\",\r\n                   \"size\": 50\r\n                },\r\n                {\r\n                   \"name\": \"galaxyIndices\",\r\n                   \"roles\": \"galaxyIndices\",\r\n                   \"type\": \"cvmfs\",\r\n                   \"mount_point\": \"/cvmfs/data.galaxyproject.org\"\r\n                }\r\n             ]\r\n          },\r\n          {\r\n             \"name\": \"Data\",\r\n             \"filesystem_templates\": [\r\n                {\r\n                   \"type\": \"volume\",\r\n                   \"name\": \"galaxy\"\r\n                }\r\n             ]\r\n          }\r\n       ]\r\n    },\r\n   \"config_cloudlaunch\": {\r\n       \"instanceType\": \"c3.large\",\r\n      \"provider_settings\": {\r\n         \"ebsOptimized\": false\r\n       },\r\n       \"firewall\": [\r\n          {\r\n             \"securityGroup\": \"CloudLaunch\",\r\n             \"rules\": [\r\n                {\r\n                   \"protocol\": \"tcp\",\r\n                   \"from\": \"80\",\r\n                   \"to\": \"80\",\r\n                   \"cidr\": \"0.0.0.0/0\"\r\n                },\r\n                {\r\n                   \"protocol\": \"tcp\",\r\n                   \"from\": \"22\",\r\n                   \"to\": \"22\",\r\n                   \"cidr\": \"0.0.0.0/0\"\r\n                },\r\n                {\r\n                   \"protocol\": \"tcp\",\r\n                   \"from\": \"443\",\r\n                   \"to\": \"443\",\r\n                   \"cidr\": \"0.0.0.0/0\"\r\n                },\r\n                 {\r\n                   \"protocol\": \"tcp\",\r\n                   \"from\": \"20\",\r\n                   \"to\": \"21\",\r\n                   \"cidr\": \"0.0.0.0/0\"\r\n                },\r\n                {\r\n                   \"protocol\": \"tcp\",\r\n                   \"from\": \"30000\",\r\n                   \"to\": \"30100\",\r\n                   \"cidr\": \"0.0.0.0/0\"\r\n                },\r\n                {\r\n                   \"protocol\": \"tcp\",\r\n                   \"from\": \"1\",\r\n                   \"to\": \"65535\",\r\n                   \"src_group\": \"CloudLaunch\"\r\n                }\r\n             ]\r\n          }\r\n       ]\r\n    }\r\n}",
    "default_cloud": "amazon-us-east-n-virginia"
  }
},
{
  "model": "baselaunch.applicationversion",
  "pk": 11,
  "fields": {
    "application": "galaxy-cloud",
    "version": "16.07",
    "frontend_component_path": "app/marketplace/plugins/plugins.module",
    "frontend_component_name": "PluginsModule#CloudManConfigComponent",
    "backend_component_name": "baselaunch.backend_plugins.cloudman_app.CloudManAppPlugin",
    "default_launch_config": "{\r\n   \"config_cloudman\": {\r\n       \"defaultBucket\": \"cloudman\",\r\n       \"storageType\": \"volume\",\r\n       \"clusterType\": \"Galaxy\",\r\n       \"cluster_templates\": [\r\n          {\r\n             \"name\": \"Galaxy\",\r\n             \"filesystem_templates\": [\r\n                {\r\n                   \"data_source\": \"archive\",\r\n                   \"name\": \"galaxy\",\r\n                   \"roles\": \"galaxyTools,galaxyData\",\r\n                   \"archive_url\": \"http://s3.amazonaws.com/cloudman/fs-archives/galaxyFS-20161101.tar.gz\",\r\n                   \"size\": 50\r\n                },\r\n                {\r\n                   \"name\": \"galaxyIndices\",\r\n                   \"roles\": \"galaxyIndices\",\r\n                   \"type\": \"cvmfs\",\r\n                   \"mount_point\": \"/cvmfs/data.galaxyproject.org\"\r\n                }\r\n             ]\r\n          },\r\n          {\r\n             \"name\": \"Data\",\r\n             \"filesystem_templates\": [\r\n                {\r\n                   \"type\": \"volume\",\r\n                   \"name\": \"galaxy\"\r\n                }\r\n             ]\r\n          }\r\n       ]\r\n    },\r\n   \"config_cloudlaunch\": {\r\n       \"instanceType\": \"c3.large\",\r\n      \"provider_settings\": {\r\n         \"ebsOptimised\": false\r\n       },\r\n       \"firewall\": [\r\n          {\r\n             \"securityGroup\": \"CloudLaunch\",\r\n             \"rules\": [\r\n                {\r\n                   \"protocol\": \"tcp\",\r\n                   \"from\": \"80\",\r\n                   \"to\": \"80\",\r\n                   \"cidr\": \"0.0.0.0/0\"\r\n                },\r\n                {\r\n                   \"protocol\": \"tcp\",\r\n                   \"from\": \"22\",\r\n                   \"to\": \"22\",\r\n                   \"cidr\": \"0.0.0.0/0\"\r\n                },\r\n                {\r\n                   \"protocol\": \"tcp\",\r\n                   \"from\": \"443\",\r\n                   \"to\": \"443\",\r\n                   \"cidr\": \"0.0.0.0/0\"\r\n                },\r\n                 {\r\n                   \"protocol\": \"tcp\",\r\n                   \"from\": \"20\",\r\n                   \"to\": \"21\",\r\n                   \"cidr\": \"0.0.0.0/0\"\r\n                },\r\n                {\r\n                   \"protocol\": \"tcp\",\r\n                   \"from\": \"30000\",\r\n                   \"to\": \"30100\",\r\n                   \"cidr\": \"0.0.0.0/0\"\r\n                }\r\n             ]\r\n          }\r\n       ]\r\n    }\r\n}",
    "default_cloud": "amazon-us-east-n-virginia"
  }
},
{
  "model": "baselaunch.applicationversion",
  "pk": 12,
  "fields": {
    "application": "docker_launch",
    "version": "0.1",
    "frontend_component_path": "app/marketplace/plugins/plugins.module",
    "frontend_component_name": "PluginsModule#DockerConfigComponent",
    "backend_component_name": "baselaunch.backend_plugins.docker_app.DockerAppPlugin",
    "default_launch_config": "{\r\n   \"config_cloudlaunch\": {\r\n       \"instanceType\": \"m1.medium\",\r\n       \"firewall\": [\r\n          {\r\n             \"securityGroup\": \"CloudLaunch\",\r\n             \"rules\": [\r\n                {\r\n                   \"protocol\": \"tcp\",\r\n                   \"from\": \"80\",\r\n                   \"to\": \"80\",\r\n                   \"cidr\": \"0.0.0.0/0\"\r\n                },\r\n                {\r\n                   \"protocol\": \"tcp\",\r\n                   \"from\": \"22\",\r\n                   \"to\": \"22\",\r\n                   \"cidr\": \"0.0.0.0/0\"\r\n                },\r\n                {\r\n                   \"protocol\": \"tcp\",\r\n                   \"from\": \"20\",\r\n                   \"to\": \"21\",\r\n                   \"cidr\": \"0.0.0.0/0\"\r\n                }\r\n             ]\r\n          }\r\n       ]\r\n    }\r\n}",
    "default_cloud": "amazon-ap-sydney"
  }
},
{
  "model": "baselaunch.applicationversion",
  "pk": 13,
  "fields": {
    "application": "biodocklet",
    "version": "RNA-Seq - paired",
    "frontend_component_path": "app/marketplace/plugins/plugins.module",
    "frontend_component_name": "PluginsModule#UbuntuConfigComponent",
    "backend_component_name": "baselaunch.backend_plugins.base_vm_app.BaseVMAppPlugin",
    "default_launch_config": "{\r\n   \"config_cloudlaunch\": {\r\n       \"instance_user_data\": \"#!/bin/bash\\ndocker pull bcil/biodocklets:RNAseq_paired\",\r\n       \"instanceType\": \"c3.large\",\r\n       \"firewall\": [\r\n          {\r\n             \"securityGroup\": \"CloudLaunchBioDocklet\",\r\n             \"rules\": [\r\n               {\r\n                   \"protocol\": \"tcp\",\r\n                   \"from\": \"80\",\r\n                   \"to\": \"80\",\r\n                   \"cidr\": \"0.0.0.0/0\"\r\n                }, \r\n               {\r\n                   \"protocol\": \"tcp\",\r\n                   \"from\": \"8090\",\r\n                   \"to\": \"8090\",\r\n                   \"cidr\": \"0.0.0.0/0\"\r\n                },\r\n                {\r\n                   \"protocol\": \"tcp\",\r\n                   \"from\": \"22\",\r\n                   \"to\": \"22\",\r\n                   \"cidr\": \"0.0.0.0/0\"\r\n                },\r\n                {\r\n                   \"protocol\": \"tcp\",\r\n                   \"from\": \"9010\",\r\n                   \"to\": \"9010\",\r\n                   \"cidr\": \"0.0.0.0/0\"\r\n                }\r\n             ]\r\n          }\r\n       ]\r\n    }\r\n}",
    "default_cloud": "amazon-us-east-n-virginia"
  }
},
{
  "model": "baselaunch.applicationversion",
  "pk": 14,
  "fields": {
    "application": "galaxy-stanalone-vm",
    "version": "17.01",
    "frontend_component_path": "app/marketplace/plugins/plugins.module",
    "frontend_component_name": "PluginsModule#UbuntuConfigComponent",
    "backend_component_name": "baselaunch.backend_plugins.base_vm_app.BaseVMAppPlugin",
    "default_launch_config": "{\r\n   \"config_cloudlaunch\": {\r\n       \"instance_user_data\": \"#cloud-config\\n  package_upgrade: false\\n\",\r\n       \"instanceType\": \"m1.large\",\r\n       \"firewall\": [\r\n          {\r\n             \"securityGroup\": \"CloudLaunch\",\r\n             \"rules\": [\r\n                {\r\n                   \"protocol\": \"tcp\",\r\n                   \"from\": \"80\",\r\n                   \"to\": \"80\",\r\n                   \"cidr\": \"0.0.0.0/0\"\r\n                },\r\n                {\r\n                   \"protocol\": \"tcp\",\r\n                   \"from\": \"22\",\r\n                   \"to\": \"22\",\r\n                   \"cidr\": \"0.0.0.0/0\"\r\n                },\r\n                {\r\n                   \"protocol\": \"tcp\",\r\n                   \"from\": \"20\",\r\n                   \"to\": \"21\",\r\n                   \"cidr\": \"0.0.0.0/0\"\r\n                },\r\n                {\r\n                   \"protocol\": \"tcp\",\r\n                   \"from\": \"30000\",\r\n                   \"to\": \"30100\",\r\n                   \"cidr\": \"0.0.0.0/0\"\r\n                },\r\n                 {\r\n                   \"protocol\": \"tcp\",\r\n                   \"from\": \"30000\",\r\n                   \"to\": \"30100\",\r\n                   \"cidr\": \"0.0.0.0/0\",\r\n                   \"src_group\": \"CloudLaunchTMP\"\r\n                }\r\n             ]\r\n          }\r\n       ]\r\n    }\r\n}",
    "default_cloud": "jetstream"
  }
},
{
  "model": "baselaunch.applicationversion",
  "pk": 15,
  "fields": {
    "application": "biodocklet",
    "version": "ChIP-Seq - paired",
    "frontend_component_path": "app/marketplace/plugins/plugins.module",
    "frontend_component_name": "PluginsModule#UbuntuConfigComponent",
    "backend_component_name": "baselaunch.backend_plugins.base_vm_app.BaseVMAppPlugin",
    "default_launch_config": "{\r\n   \"config_cloudlaunch\": {\r\n       \"instance_user_data\": \"#!/bin/bash\\ndocker pull bcil/biodocklets:ChIPseq_paired\",\r\n       \"instanceType\": \"c3.large\",\r\n       \"firewall\": [\r\n          {\r\n             \"securityGroup\": \"CloudLaunchBioDocklet\",\r\n             \"rules\": [\r\n               {\r\n                   \"protocol\": \"tcp\",\r\n                   \"from\": \"80\",\r\n                   \"to\": \"80\",\r\n                   \"cidr\": \"0.0.0.0/0\"\r\n                }, \r\n               {\r\n                   \"protocol\": \"tcp\",\r\n                   \"from\": \"8090\",\r\n                   \"to\": \"8090\",\r\n                   \"cidr\": \"0.0.0.0/0\"\r\n                },\r\n                {\r\n                   \"protocol\": \"tcp\",\r\n                   \"from\": \"22\",\r\n                   \"to\": \"22\",\r\n                   \"cidr\": \"0.0.0.0/0\"\r\n                },\r\n                {\r\n                   \"protocol\": \"tcp\",\r\n                   \"from\": \"9010\",\r\n                   \"to\": \"9010\",\r\n                   \"cidr\": \"0.0.0.0/0\"\r\n                }\r\n             ]\r\n          }\r\n       ]\r\n    }\r\n}",
    "default_cloud": "amazon-us-east-n-virginia"
  }
},
{
  "model": "baselaunch.applicationversion",
  "pk": 16,
  "fields": {
    "application": "genomics-virtual-lab",
    "version": "GVL 4.2.0 Beta - Blank Indices",
    "frontend_component_path": "app/marketplace/plugins/plugins.module",
    "frontend_component_name": "PluginsModule#GVLConfigComponent",
    "backend_component_name": "baselaunch.backend_plugins.gvl_app.GVLAppPlugin",
    "default_launch_config": "",
    "default_cloud": "nectar"
  }
},
{
  "model": "baselaunch.applicationversion",
  "pk": 17,
  "fields": {
    "application": "genomics-virtual-lab",
    "version": "GVL 4.2.0 Beta - Tutorial Indi",
    "frontend_component_path": "app/marketplace/plugins/plugins.module",
    "frontend_component_name": "PluginsModule#GVLConfigComponent",
    "backend_component_name": "baselaunch.backend_plugins.gvl_app.GVLAppPlugin",
    "default_launch_config": "",
    "default_cloud": null
  }
},
{
  "model": "baselaunch.applicationversion",
  "pk": 18,
  "fields": {
    "application": "galaxy-cloud",
    "version": "dev",
    "frontend_component_path": "app/marketplace/plugins/plugins.module",
    "frontend_component_name": "PluginsModule#CloudManConfigComponent",
    "backend_component_name": "baselaunch.backend_plugins.cloudman_app.CloudManAppPlugin",
    "default_launch_config": "{\r\n   \"config_cloudman\": {\r\n       \"defaultBucket\": \"cloudman-dev\",\r\n       \"storageType\": \"transient\",\r\n       \"clusterType\": \"Galaxy\",\r\n       \"cluster_templates\": [\r\n          {\r\n             \"name\": \"Galaxy\",\r\n             \"filesystem_templates\": [\r\n                {\r\n                   \"data_source\": \"archive\",\r\n                   \"name\": \"galaxy\",\r\n                   \"roles\": \"galaxyTools,galaxyData\",\r\n                   \"archive_url\": \"http://s3.amazonaws.com/cloudman/fs-archives/galaxyFS-latest.tar.gz\",\r\n                   \"size\": 50\r\n                },\r\n                {\r\n                   \"name\": \"galaxyIndices\",\r\n                   \"roles\": \"galaxyIndices\",\r\n                   \"type\": \"cvmfs\",\r\n                   \"mount_point\": \"/cvmfs/data.galaxyproject.org\"\r\n                }\r\n             ]\r\n          },\r\n          {\r\n             \"name\": \"Data\",\r\n             \"filesystem_templates\": [\r\n                {\r\n                   \"type\": \"volume\",\r\n                   \"name\": \"galaxy\"\r\n                }\r\n             ]\r\n          }\r\n       ]\r\n    },\r\n   \"config_cloudlaunch\": {\r\n       \"instanceType\": \"c3.large\",\r\n      \"provider_settings\": {\r\n         \"ebsOptimised\": true\r\n       },\r\n       \"firewall\": [\r\n          {\r\n             \"securityGroup\": \"CloudLaunch\",\r\n             \"rules\": [\r\n                {\r\n                   \"protocol\": \"tcp\",\r\n                   \"from\": \"80\",\r\n                   \"to\": \"80\",\r\n                   \"cidr\": \"0.0.0.0/0\"\r\n                },\r\n                {\r\n                   \"protocol\": \"tcp\",\r\n                   \"from\": \"22\",\r\n                   \"to\": \"22\",\r\n                   \"cidr\": \"0.0.0.0/0\"\r\n                },\r\n                {\r\n                   \"protocol\": \"tcp\",\r\n                   \"from\": \"443\",\r\n                   \"to\": \"443\",\r\n                   \"cidr\": \"0.0.0.0/0\"\r\n                },\r\n                 {\r\n                   \"protocol\": \"tcp\",\r\n                   \"from\": \"20\",\r\n                   \"to\": \"21\",\r\n                   \"cidr\": \"0.0.0.0/0\"\r\n                },\r\n                {\r\n                   \"protocol\": \"tcp\",\r\n                   \"from\": \"30000\",\r\n                   \"to\": \"30100\",\r\n                   \"cidr\": \"0.0.0.0/0\"\r\n                }\r\n             ]\r\n          }\r\n       ]\r\n    }\r\n}",
    "default_cloud": "amazon-us-east-n-virginia"
  }
},
{
  "model": "baselaunch.applicationversion",
  "pk": 19,
  "fields": {
    "application": "docker-galaxy",
    "version": "No-container",
    "frontend_component_path": "app/marketplace/plugins/plugins.module",
    "frontend_component_name": "PluginsModule#UbuntuConfigComponent",
    "backend_component_name": "baselaunch.backend_plugins.base_vm_app.BaseVMAppPlugin",
    "default_launch_config": "{\r\n   \"config_cloudlaunch\": {\r\n       \"instanceType\": \"m1.small\",\r\n       \"firewall\": [\r\n          {\r\n             \"securityGroup\": \"CloudLaunch\",\r\n             \"rules\": [\r\n                {\r\n                   \"protocol\": \"tcp\",\r\n                   \"from\": \"80\",\r\n                   \"to\": \"80\",\r\n                   \"cidr\": \"0.0.0.0/0\"\r\n                },\r\n                {\r\n                   \"protocol\": \"tcp\",\r\n                   \"from\": \"22\",\r\n                   \"to\": \"22\",\r\n                   \"cidr\": \"0.0.0.0/0\"\r\n                },\r\n                {\r\n                   \"protocol\": \"tcp\",\r\n                   \"from\": \"30000\",\r\n                   \"to\": \"30100\",\r\n                   \"cidr\": \"0.0.0.0/0\"\r\n                }\r\n             ]\r\n          }\r\n       ]\r\n    }\r\n}",
    "default_cloud": "jetstream"
  }
},
{
  "model": "baselaunch.applicationversion",
  "pk": 20,
  "fields": {
    "application": "biodocklet",
    "version": "ChIP-Seq - single",
    "frontend_component_path": "app/marketplace/plugins/plugins.module",
    "frontend_component_name": "PluginsModule#UbuntuConfigComponent",
    "backend_component_name": "baselaunch.backend_plugins.base_vm_app.BaseVMAppPlugin",
    "default_launch_config": "{\r\n   \"config_cloudlaunch\": {\r\n       \"instance_user_data\": \"#!/bin/bash\\ndocker pull bcil/biodocklets:ChIPseq_single\",\r\n       \"instanceType\": \"c3.large\",\r\n       \"firewall\": [\r\n          {\r\n             \"securityGroup\": \"CloudLaunchBioDocklet\",\r\n             \"rules\": [\r\n               {\r\n                   \"protocol\": \"tcp\",\r\n                   \"from\": \"80\",\r\n                   \"to\": \"80\",\r\n                   \"cidr\": \"0.0.0.0/0\"\r\n                }, \r\n               {\r\n                   \"protocol\": \"tcp\",\r\n                   \"from\": \"8090\",\r\n                   \"to\": \"8090\",\r\n                   \"cidr\": \"0.0.0.0/0\"\r\n                },\r\n                {\r\n                   \"protocol\": \"tcp\",\r\n                   \"from\": \"22\",\r\n                   \"to\": \"22\",\r\n                   \"cidr\": \"0.0.0.0/0\"\r\n                },\r\n                {\r\n                   \"protocol\": \"tcp\",\r\n                   \"from\": \"9010\",\r\n                   \"to\": \"9010\",\r\n                   \"cidr\": \"0.0.0.0/0\"\r\n                }\r\n             ]\r\n          }\r\n       ]\r\n    }\r\n}",
    "default_cloud": "amazon-us-east-n-virginia"
  }
},
{
  "model": "baselaunch.applicationversion",
  "pk": 21,
  "fields": {
    "application": "cloudman-cluster",
    "version": "16.11",
    "frontend_component_path": "app/marketplace/plugins/plugins.module",
    "frontend_component_name": "PluginsModule#CloudManConfigComponent",
    "backend_component_name": "baselaunch.backend_plugins.cloudman_app.CloudManAppPlugin",
    "default_launch_config": "{\r\n   \"config_cloudman\": {\r\n       \"defaultBucket\": \"cloudman-dev\",\r\n       \"storageType\": \"transient\",\r\n       \"clusterType\": \"Data\",\r\n       \"cluster_templates\": [\r\n          {\r\n             \"name\": \"Galaxy\",\r\n             \"filesystem_templates\": [\r\n                {\r\n                   \"data_source\": \"archive\",\r\n                   \"archive_md5\": \"b4c822ec2494fca9810d0d127d7b6722\",\r\n                   \"name\": \"galaxy\",\r\n                   \"roles\": \"galaxyTools,galaxyData\",\r\n                   \"archive_url\": \"https://swift.rc.nectar.org.au:8888/v1/AUTH_377/cloudman-gvl-400/gvl-galaxyfs-4.0.0.tar.gz\",\r\n                   \"type\": \"transient\"\r\n                },\r\n                {\r\n                   \"type\": \"transient\",\r\n                   \"archive_md5\": \"4b360787af3672a2f20ab0ce961912bc\",\r\n                   \"name\": \"galaxyIndices\",\r\n                   \"roles\": \"galaxyIndices\",\r\n                   \"archive_url\": \"https://swift.rc.nectar.org.au:8888/v1/AUTH_377/cloudman-gvl-400/gvl-indices-tutorial-4.0.0.tar.gz\"\r\n                }\r\n             ]\r\n          },\r\n          {\r\n             \"name\": \"Data\",\r\n             \"filesystem_templates\": [\r\n                {\r\n                   \"type\": \"volume\",\r\n                   \"name\": \"galaxy\"\r\n                }\r\n             ]\r\n          }\r\n       ]\r\n    },\r\n   \"config_cloudlaunch\": {\r\n       \"instanceType\": \"m3.medium\",\r\n       \"firewall\": [\r\n          {\r\n             \"securityGroup\": \"CloudLaunch\",\r\n             \"rules\": [\r\n                {\r\n                   \"protocol\": \"tcp\",\r\n                   \"from\": \"80\",\r\n                   \"to\": \"80\",\r\n                   \"cidr\": \"0.0.0.0/0\"\r\n                },\r\n                {\r\n                   \"protocol\": \"tcp\",\r\n                   \"from\": \"22\",\r\n                   \"to\": \"22\",\r\n                   \"cidr\": \"0.0.0.0/0\"\r\n                }\r\n             ]\r\n          }\r\n       ]\r\n    }\r\n}",
    "default_cloud": "amazon-us-east-n-virginia"
  }
},
{
  "model": "baselaunch.applicationversion",
  "pk": 22,
  "fields": {
    "application": "galaxy-cloud",
    "version": "17.05",
    "frontend_component_path": "app/marketplace/plugins/plugins.module",
    "frontend_component_name": "PluginsModule#CloudManConfigComponent",
    "backend_component_name": "baselaunch.backend_plugins.cloudman_app.CloudManAppPlugin",
    "default_launch_config": "{\r\n   \"config_cloudman\": {\r\n       \"defaultBucket\": \"cloudman-test\",\r\n       \"storageType\": \"volume\",\r\n       \"clusterType\": \"Galaxy\",\r\n       \"cluster_templates\": [\r\n          {\r\n             \"name\": \"Galaxy\",\r\n             \"filesystem_templates\": [\r\n                {\r\n                   \"data_source\": \"archive\",\r\n                   \"name\": \"galaxy\",\r\n                   \"roles\": \"galaxyTools,galaxyData\",\r\n                   \"archive_url\": \"http://s3.amazonaws.com/cloudman/fs-archives/galaxyFS-20170622.tar.gz\",\r\n                   \"size\": 50\r\n                },\r\n                {\r\n                   \"name\": \"galaxyIndices\",\r\n                   \"roles\": \"galaxyIndices\",\r\n                   \"type\": \"cvmfs\",\r\n                   \"mount_point\": \"/cvmfs/data.galaxyproject.org\"\r\n                }\r\n             ]\r\n          },\r\n          {\r\n             \"name\": \"Data\",\r\n             \"filesystem_templates\": [\r\n                {\r\n                   \"type\": \"volume\",\r\n                   \"name\": \"galaxy\"\r\n                }\r\n             ]\r\n          }\r\n       ]\r\n    },\r\n   \"config_cloudlaunch\": {\r\n       \"instanceType\": \"m4.4xlarge\",\r\n      \"provider_settings\": {\r\n         \"ebsOptimised\": false\r\n       },\r\n       \"firewall\": [\r\n          {\r\n             \"securityGroup\": \"CloudLaunch\",\r\n             \"rules\": [\r\n                {\r\n                   \"protocol\": \"tcp\",\r\n                   \"from\": \"80\",\r\n                   \"to\": \"80\",\r\n                   \"cidr\": \"0.0.0.0/0\"\r\n                },\r\n                {\r\n                   \"protocol\": \"tcp\",\r\n                   \"from\": \"22\",\r\n                   \"to\": \"22\",\r\n                   \"cidr\": \"0.0.0.0/0\"\r\n                },\r\n                {\r\n                   \"protocol\": \"tcp\",\r\n                   \"from\": \"443\",\r\n                   \"to\": \"443\",\r\n                   \"cidr\": \"0.0.0.0/0\"\r\n                },\r\n                 {\r\n                   \"protocol\": \"tcp\",\r\n                   \"from\": \"20\",\r\n                   \"to\": \"21\",\r\n                   \"cidr\": \"0.0.0.0/0\"\r\n                },\r\n                {\r\n                   \"protocol\": \"tcp\",\r\n                   \"from\": \"30000\",\r\n                   \"to\": \"30100\",\r\n                   \"cidr\": \"0.0.0.0/0\"\r\n                }\r\n             ]\r\n          }\r\n       ]\r\n    }\r\n}",
    "default_cloud": "amazon-us-east-n-virginia"
  }
},
{
  "model": "baselaunch.applicationversion",
  "pk": 23,
  "fields": {
    "application": "genomics-virtual-lab",
    "version": "GVL 4.2.0 Beta - Blank+cmd",
    "frontend_component_path": "app/marketplace/plugins/plugins.module",
    "frontend_component_name": "PluginsModule#GVLConfigComponent",
    "backend_component_name": "baselaunch.backend_plugins.gvl_app.GVLAppPlugin",
    "default_launch_config": "",
    "default_cloud": null
  }
},
{
  "model": "baselaunch.applicationversion",
  "pk": 24,
  "fields": {
    "application": "cloudman-20",
    "version": "dev",
    "frontend_component_path": "app/marketplace/plugins/plugins.module",
    "frontend_component_name": "PluginsModule#UbuntuConfigComponent",
    "backend_component_name": "baselaunch.backend_plugins.cloudman2_app.CloudMan2AppPlugin",
    "default_launch_config": "{\r\n   \"config_cloudman\": {},\r\n   \"config_cloudlaunch\": {\r\n       \"instanceType\": \"m1.tiny\",\r\n       \"firewall\": [\r\n          {\r\n             \"securityGroup\": \"CloudLaunch-CM2\",\r\n             \"rules\": [\r\n               {\r\n                   \"protocol\": \"tcp\",\r\n                   \"from\": \"22\",\r\n                   \"to\": \"22\",\r\n                   \"cidr\": \"0.0.0.0/0\"\r\n                },\r\n                {\r\n                   \"protocol\": \"tcp\",\r\n                   \"from\": \"8080\",\r\n                   \"to\": \"8080\",\r\n                   \"cidr\": \"0.0.0.0/0\"\r\n                },\r\n                {\r\n                   \"protocol\": \"tcp\",\r\n                   \"from\": \"1\",\r\n                   \"to\": \"65535\",\r\n                   \"src_group\": \"CloudLaunch\"\r\n                }\r\n             ]\r\n          }\r\n       ]\r\n    }\r\n}",
    "default_cloud": "jetstream"
  }
},
{
  "model": "baselaunch.applicationversion",
  "pk": 25,
  "fields": {
    "application": "galaxy-stanalone-vm",
    "version": "17.05",
    "frontend_component_path": "app/marketplace/plugins/plugins.module",
    "frontend_component_name": "PluginsModule#UbuntuConfigComponent",
    "backend_component_name": "baselaunch.backend_plugins.base_vm_app.BaseVMAppPlugin",
    "default_launch_config": "{\r\n   \"config_cloudlaunch\": {\r\n       \"instanceType\": \"m1.large\",\r\n       \"firewall\": [\r\n          {\r\n             \"securityGroup\": \"CloudLaunch\",\r\n             \"rules\": [\r\n                {\r\n                   \"protocol\": \"tcp\",\r\n                   \"from\": \"80\",\r\n                   \"to\": \"80\",\r\n                   \"cidr\": \"0.0.0.0/0\"\r\n                },\r\n                {\r\n                   \"protocol\": \"tcp\",\r\n                   \"from\": \"22\",\r\n                   \"to\": \"22\",\r\n                   \"cidr\": \"0.0.0.0/0\"\r\n                },\r\n                {\r\n                   \"protocol\": \"tcp\",\r\n                   \"from\": \"20\",\r\n                   \"to\": \"21\",\r\n                   \"cidr\": \"0.0.0.0/0\"\r\n                },\r\n                {\r\n                   \"protocol\": \"tcp\",\r\n                   \"from\": \"30000\",\r\n                   \"to\": \"30100\",\r\n                   \"cidr\": \"0.0.0.0/0\"\r\n                },\r\n                 {\r\n                   \"protocol\": \"tcp\",\r\n                   \"from\": \"30000\",\r\n                   \"to\": \"30100\",\r\n                   \"cidr\": \"0.0.0.0/0\",\r\n                   \"src_group\": \"CloudLaunch\"\r\n                }\r\n             ]\r\n          }\r\n       ]\r\n    }\r\n}",
    "default_cloud": "jetstream"
  }
},
{
  "model": "baselaunch.applicationversion",
  "pk": 26,
  "fields": {
    "application": "docker-galaxy",
    "version": "Galaxy-stable",
    "frontend_component_path": "app/marketplace/plugins/plugins.module",
    "frontend_component_name": "PluginsModule#UbuntuConfigComponent",
    "backend_component_name": "baselaunch.backend_plugins.base_vm_app.BaseVMAppPlugin",
    "default_launch_config": "{\r\n   \"config_cloudlaunch\": {\r\n       \"instance_user_data\": \"#!/bin/bash\\ndocker run --privileged -d -p 8888:80 -p 8021:21 -p 8022:22 quay.io/bgruening/galaxy:17.05.cvmfs\",\r\n       \"instanceType\": \"m1.large\",\r\n       \"firewall\": [\r\n          {\r\n             \"securityGroup\": \"CloudLaunch\",\r\n             \"rules\": [\r\n                {\r\n                   \"protocol\": \"tcp\",\r\n                   \"from\": \"80\",\r\n                   \"to\": \"80\",\r\n                   \"cidr\": \"0.0.0.0/0\"\r\n                },\r\n                {\r\n                   \"protocol\": \"tcp\",\r\n                   \"from\": \"22\",\r\n                   \"to\": \"22\",\r\n                   \"cidr\": \"0.0.0.0/0\"\r\n                },\r\n                {\r\n                   \"protocol\": \"tcp\",\r\n                   \"from\": \"20\",\r\n                   \"to\": \"21\",\r\n                   \"cidr\": \"0.0.0.0/0\"\r\n                },\r\n                {\r\n                   \"protocol\": \"tcp\",\r\n                   \"from\": \"30000\",\r\n                   \"to\": \"30100\",\r\n                   \"cidr\": \"0.0.0.0/0\"\r\n                }\r\n             ]\r\n          }\r\n       ]\r\n    }\r\n}",
    "default_cloud": "jetstream"
  }
},
{
  "model": "baselaunch.applicationversioncloudconfig",
  "pk": 1,
  "fields": {
    "application_version": 1,
    "cloud": "nectar",
    "image": 1,
    "default_instance_type": "m1.medium",
    "default_launch_config": "{\r\n   \"config_gvl\": {\r\n      \"config_cloudman\": {\r\n         \"masterPostStartScript\": \"file:///opt/gvl/scripts/triggers;file:///mnt/galaxy/gvl/poststart.d\",\r\n         \"defaultBucket\": \"cloudman-gvl-410\",\r\n         \"storageType\": \"transient\",\r\n         \"clusterType\": \"Galaxy\",\r\n         \"gvl_config\": { \"install\" : [\"gvl_cmdline_utilities\"] },\r\n         \"cluster_templates\": [\r\n            {\r\n               \"name\": \"Galaxy\",\r\n               \"filesystem_templates\": [\r\n                  {\r\n                     \"data_source\": \"archive\",\r\n                     \"archive_md5\": \"9af5cd80e022abe4ce93a9e84c2ad461\",\r\n                     \"name\": \"galaxy\",\r\n                     \"roles\": \"galaxyTools,galaxyData\",\r\n                     \"type\": \"transient\",\r\n                     \"archive_url\": \"https://swift.rc.nectar.org.au:8888/v1/AUTH_377/cloudman-gvl-410/filesystems/gvl-galaxyfs-4.1.0.tar.gz\"\r\n                  },\r\n                  {\r\n                     \"type\": \"transient\",\r\n                     \"archive_md5\": \"9e9e8ddc9d92dc785e848e47afedd693\",\r\n                     \"name\": \"galaxyIndices\",\r\n                     \"roles\": \"galaxyIndices\",\r\n                     \"archive_url\": \"https://swift.rc.nectar.org.au:8888/v1/AUTH_377/cloudman-gvl-410/filesystems/gvl-indices-tutorial-4.1.0.tar.gz\"\r\n                  }\r\n               ]\r\n            }\r\n         ]\r\n      },\r\n      \"gvl_cmdline_utilities\": true\r\n   }\r\n}"
  }
},
{
  "model": "baselaunch.applicationversioncloudconfig",
  "pk": 2,
  "fields": {
    "application_version": 1,
    "cloud": "amazon-ap-sydney",
    "image": 6,
    "default_instance_type": "m3.large",
    "default_launch_config": "{\r\n   \"config_gvl\": {\r\n      \"config_cloudman\": {\r\n         \"masterPostStartScript\": \"file:///opt/gvl/scripts/triggers;file:///mnt/galaxy/gvl/poststart.d\",\r\n         \"defaultBucket\": \"cloudman-gvl-410\",\r\n         \"storageType\": \"transient\",\r\n         \"clusterType\": \"Galaxy\",\r\n         \"gvl_config\": { \"install\" : [\"gvl_cmdline_utilities\"] },\r\n         \"cluster_templates\": [\r\n            {\r\n               \"name\": \"Galaxy\",\r\n               \"filesystem_templates\": [\r\n                  {\r\n                     \"data_source\": \"archive\",\r\n                     \"archive_md5\": \"2eaa1a112e05bbe669d402658ecab14d\",\r\n                     \"name\": \"galaxy\",\r\n                     \"roles\": \"galaxyTools,galaxyData\",\r\n                     \"type\": \"transient\",\r\n                     \"archive_url\": \"http://d255cbs4e840tu.cloudfront.net/gvl-galaxyfs-4.1.0.tar.gz\"\r\n                  },\r\n                  {\r\n                     \"type\": \"transient\",\r\n                     \"archive_md5\": \"9e9e8ddc9d92dc785e848e47afedd693\",\r\n                     \"name\": \"galaxyIndices\",\r\n                     \"roles\": \"galaxyIndices\",\r\n                     \"archive_url\": \"http://d255cbs4e840tu.cloudfront.net/gvl-indices-tutorial-4.1.0.tar.gz\"\r\n                  }\r\n               ]\r\n            }\r\n         ]\r\n      },\r\n      \"gvl_cmdline_utilities\": true\r\n   },\r\n   \"config_cloudlaunch\": {\r\n       \"instanceType\": \"m3.large\"\r\n    }\r\n}"
  }
},
{
  "model": "baselaunch.applicationversioncloudconfig",
  "pk": 3,
  "fields": {
    "application_version": 3,
    "cloud": "amazon-us-east-n-virginia",
    "image": 8,
    "default_instance_type": "c3.large",
    "default_launch_config": "{\r\n   \"config_cloudman\": {\r\n       \"defaultBucket\": \"cloudman-dev\",\r\n       \"storageType\": \"transient\",\r\n       \"clusterType\": \"Data\",\r\n       \"cluster_templates\": [\r\n          {\r\n             \"name\": \"Galaxy\",\r\n             \"filesystem_templates\": [\r\n                {\r\n                   \"data_source\": \"archive\",\r\n                   \"archive_md5\": \"b4c822ec2494fca9810d0d127d7b6722\",\r\n                   \"name\": \"galaxy\",\r\n                   \"roles\": \"galaxyTools,galaxyData\",\r\n                   \"archive_url\": \"https://swift.rc.nectar.org.au:8888/v1/AUTH_377/cloudman-gvl-400/gvl-galaxyfs-4.0.0.tar.gz\",\r\n                   \"type\": \"transient\"\r\n                },\r\n                {\r\n                   \"type\": \"transient\",\r\n                   \"archive_md5\": \"4b360787af3672a2f20ab0ce961912bc\",\r\n                   \"name\": \"galaxyIndices\",\r\n                   \"roles\": \"galaxyIndices\",\r\n                   \"archive_url\": \"https://swift.rc.nectar.org.au:8888/v1/AUTH_377/cloudman-gvl-400/gvl-indices-tutorial-4.0.0.tar.gz\"\r\n                }\r\n             ]\r\n          },\r\n          {\r\n             \"name\": \"Data\",\r\n             \"filesystem_templates\": [\r\n                {\r\n                   \"type\": \"volume\",\r\n                   \"name\": \"galaxy\"\r\n                }\r\n             ]\r\n          }\r\n       ]\r\n    },\r\n   \"config_cloudlaunch\": {\r\n       \"instanceType\": \"m3.medium\",\r\n      \"provider_settings\": {\r\n         \"ebsOptimised\": false\r\n       },\r\n       \"firewall\": [\r\n          {\r\n             \"securityGroup\": \"CloudLaunch\",\r\n             \"rules\": [\r\n                {\r\n                   \"protocol\": \"tcp\",\r\n                   \"from\": \"80\",\r\n                   \"to\": \"80\",\r\n                   \"cidr\": \"0.0.0.0/0\"\r\n                },\r\n                {\r\n                   \"protocol\": \"tcp\",\r\n                   \"from\": \"22\",\r\n                   \"to\": \"22\",\r\n                   \"cidr\": \"0.0.0.0/0\"\r\n                },\r\n                 {\r\n                   \"protocol\": \"tcp\",\r\n                   \"from\": \"20\",\r\n                   \"to\": \"21\",\r\n                   \"cidr\": \"0.0.0.0/0\"\r\n                },\r\n                {\r\n                   \"protocol\": \"tcp\",\r\n                   \"from\": \"30000\",\r\n                   \"to\": \"30100\",\r\n                   \"cidr\": \"0.0.0.0/0\"\r\n                }\r\n             ]\r\n          }\r\n       ]\r\n    }\r\n}"
  }
},
{
  "model": "baselaunch.applicationversioncloudconfig",
  "pk": 4,
  "fields": {
    "application_version": 4,
    "cloud": "amazon-us-east-n-virginia",
    "image": 8,
    "default_instance_type": "c3.large",
    "default_launch_config": "{\r\n   \"config_cloudman\": {\r\n       \"defaultBucket\": \"cloudman\",\r\n       \"storageType\": \"transient\",\r\n       \"clusterType\": \"Galaxy\",\r\n       \"cluster_templates\": [\r\n          {\r\n             \"name\": \"Galaxy\",\r\n             \"filesystem_templates\": [\r\n                {\r\n                   \"data_source\": \"archive\",\r\n                   \"name\": \"galaxy\",\r\n                   \"roles\": \"galaxyTools,galaxyData\",\r\n                   \"archive_url\": \"http://s3.amazonaws.com/cloudman/fs-archives/galaxyFS-20160520.tar.gz\"\r\n                },\r\n                {\r\n                   \"name\": \"galaxyIndices\",\r\n                   \"roles\": \"galaxyIndices\",\r\n                   \"snap_id\": \"snap-c332f2b0\"\r\n                }\r\n             ]\r\n          },\r\n          {\r\n             \"name\": \"Data\",\r\n             \"filesystem_templates\": [\r\n                {\r\n                   \"type\": \"volume\",\r\n                   \"name\": \"galaxy\"\r\n                }\r\n             ]\r\n          }\r\n       ]\r\n    },\r\n   \"config_cloudlaunch\": {\r\n       \"instanceType\": \"c3.large\",\r\n      \"provider_settings\": {\r\n         \"ebsOptimised\": false\r\n       },\r\n       \"firewall\": [\r\n          {\r\n             \"securityGroup\": \"CloudLaunch\",\r\n             \"rules\": [\r\n                {\r\n                   \"protocol\": \"tcp\",\r\n                   \"from\": \"80\",\r\n                   \"to\": \"80\",\r\n                   \"cidr\": \"0.0.0.0/0\"\r\n                },\r\n                {\r\n                   \"protocol\": \"tcp\",\r\n                   \"from\": \"22\",\r\n                   \"to\": \"22\",\r\n                   \"cidr\": \"0.0.0.0/0\"\r\n                },\r\n                {\r\n                   \"protocol\": \"tcp\",\r\n                   \"from\": \"443\",\r\n                   \"to\": \"443\",\r\n                   \"cidr\": \"0.0.0.0/0\"\r\n                },\r\n                 {\r\n                   \"protocol\": \"tcp\",\r\n                   \"from\": \"20\",\r\n                   \"to\": \"21\",\r\n                   \"cidr\": \"0.0.0.0/0\"\r\n                },\r\n                {\r\n                   \"protocol\": \"tcp\",\r\n                   \"from\": \"30000\",\r\n                   \"to\": \"30100\",\r\n                   \"cidr\": \"0.0.0.0/0\"\r\n                }\r\n             ]\r\n          }\r\n       ]\r\n    }\r\n}"
  }
},
{
  "model": "baselaunch.applicationversioncloudconfig",
  "pk": 5,
  "fields": {
    "application_version": 1,
    "cloud": "amazon-us-east-n-virginia",
    "image": 3,
    "default_instance_type": "m3.large",
    "default_launch_config": "{\r\n   \"config_gvl\": {\r\n      \"config_cloudman\": {\r\n         \"masterPostStartScript\": \"file:///opt/gvl/scripts/triggers;file:///mnt/galaxy/gvl/poststart.d\",\r\n         \"defaultBucket\": \"cloudman-gvl-410\",\r\n         \"storageType\": \"transient\",\r\n         \"clusterType\": \"Galaxy\",\r\n         \"gvl_config\": { \"install\" : [\"gvl_cmdline_utilities\"] },\r\n         \"cluster_templates\": [\r\n            {\r\n               \"name\": \"Galaxy\",\r\n               \"filesystem_templates\": [\r\n                  {\r\n                     \"data_source\": \"archive\",\r\n                     \"archive_md5\": \"2eaa1a112e05bbe669d402658ecab14d\",\r\n                     \"name\": \"galaxy\",\r\n                     \"roles\": \"galaxyTools,galaxyData\",\r\n                     \"type\": \"transient\",\r\n                     \"archive_url\": \"http://d255cbs4e840tu.cloudfront.net/gvl-galaxyfs-4.1.0.tar.gz\"\r\n                  },\r\n                  {\r\n                     \"type\": \"transient\",\r\n                     \"archive_md5\": \"9e9e8ddc9d92dc785e848e47afedd693\",\r\n                     \"name\": \"galaxyIndices\",\r\n                     \"roles\": \"galaxyIndices\",\r\n                     \"archive_url\": \"http://d255cbs4e840tu.cloudfront.net/gvl-indices-tutorial-4.1.0.tar.gz\"\r\n                  }\r\n               ]\r\n            }\r\n         ]\r\n      },\r\n      \"gvl_cmdline_utilities\": true\r\n   },\r\n   \"config_cloudlaunch\": {\r\n       \"instanceType\": \"m3.large\"\r\n    }\r\n}"
  }
},
{
  "model": "baselaunch.applicationversioncloudconfig",
  "pk": 6,
  "fields": {
    "application_version": 2,
    "cloud": "amazon-us-east-n-virginia",
    "image": 3,
    "default_instance_type": "c3.large",
    "default_launch_config": "{\r\n   \"config_gvl\": {\r\n      \"config_cloudman\": {\r\n         \"masterPostStartScript\": \"file:///opt/gvl/scripts/triggers;file:///mnt/galaxy/gvl/poststart.d\",\r\n         \"defaultBucket\": \"cloudman-gvl-410\",\r\n         \"storageType\": \"transient\",\r\n         \"clusterType\": \"Galaxy\",\r\n         \"gvl_config\": { \"install\" : [\"gvl_cmdline_utilities\"] },\r\n         \"cluster_templates\": [\r\n            {\r\n               \"name\": \"Galaxy\",\r\n               \"filesystem_templates\": [\r\n                  {\r\n                     \"data_source\": \"archive\",\r\n                     \"archive_md5\": \"2eaa1a112e05bbe669d402658ecab14d\",\r\n                     \"name\": \"galaxy\",\r\n                     \"roles\": \"galaxyTools,galaxyData\",\r\n                     \"type\": \"transient\",\r\n                     \"archive_url\": \"http://d255cbs4e840tu.cloudfront.net/gvl-galaxyfs-4.1.0.tar.gz\"\r\n                  },\r\n                  {\r\n                     \"type\": \"transient\",\r\n                     \"archive_md5\": \"06b6a287fa0ae87a035672fd703ec43f\",\r\n                     \"name\": \"galaxyIndices\",\r\n                     \"roles\": \"galaxyIndices\",\r\n                     \"archive_url\": \"http://d255cbs4e840tu.cloudfront.net/gvl-indices-blank-4.1.0.tar.gz\"\r\n                  }\r\n               ]\r\n            }\r\n         ]\r\n      },\r\n      \"gvl_cmdline_utilities\": true\r\n   },\r\n   \"config_cloudlaunch\": {\r\n       \"instanceType\": \"m3.large\"\r\n    }\r\n}"
  }
},
{
  "model": "baselaunch.applicationversioncloudconfig",
  "pk": 7,
  "fields": {
    "application_version": 5,
    "cloud": "amazon-us-east-n-virginia",
    "image": 15,
    "default_instance_type": "",
    "default_launch_config": "{\r\n   \"config_cloudlaunch\": {\r\n       \"instanceType\": \"t2.small\",\r\n       \"firewall\": [\r\n          {\r\n             \"securityGroup\": \"CloudLaunch\",\r\n             \"rules\": [\r\n                {\r\n                   \"protocol\": \"tcp\",\r\n                   \"from\": \"80\",\r\n                   \"to\": \"80\",\r\n                   \"cidr\": \"0.0.0.0/0\"\r\n                },\r\n                {\r\n                   \"protocol\": \"tcp\",\r\n                   \"from\": \"22\",\r\n                   \"to\": \"22\",\r\n                   \"cidr\": \"0.0.0.0/0\"\r\n                }\r\n             ]\r\n          }\r\n       ]\r\n    }\r\n}"
  }
},
{
  "model": "baselaunch.applicationversioncloudconfig",
  "pk": 8,
  "fields": {
    "application_version": 6,
    "cloud": "jetstream",
    "image": 10,
    "default_instance_type": "",
    "default_launch_config": ""
  }
},
{
  "model": "baselaunch.applicationversioncloudconfig",
  "pk": 9,
  "fields": {
    "application_version": 2,
    "cloud": "nectar",
    "image": 1,
    "default_instance_type": "m1.medium",
    "default_launch_config": "{\r\n   \"config_gvl\": {\r\n      \"config_cloudman\": {\r\n         \"masterPostStartScript\": \"file:///opt/gvl/scripts/triggers;file:///mnt/galaxy/gvl/poststart.d\",\r\n         \"defaultBucket\": \"cloudman-gvl-410\",\r\n         \"storageType\": \"transient\",\r\n         \"clusterType\": \"Galaxy\",\r\n         \"gvl_config\": { \"install\" : [\"gvl_cmdline_utilities\"] },\r\n         \"cluster_templates\": [\r\n            {\r\n               \"name\": \"Galaxy\",\r\n               \"filesystem_templates\": [\r\n                  {\r\n                     \"data_source\": \"archive\",\r\n                     \"archive_md5\": \"9af5cd80e022abe4ce93a9e84c2ad461\",\r\n                     \"name\": \"galaxy\",\r\n                     \"roles\": \"galaxyTools,galaxyData\",\r\n                     \"type\": \"transient\",\r\n                     \"archive_url\": \"https://swift.rc.nectar.org.au:8888/v1/AUTH_377/cloudman-gvl-410/filesystems/gvl-galaxyfs-4.1.0.tar.gz\"\r\n                  },\r\n                  {\r\n                     \"type\": \"transient\",\r\n                     \"archive_md5\": \"06b6a287fa0ae87a035672fd703ec43f\",\r\n                     \"name\": \"galaxyIndices\",\r\n                     \"roles\": \"galaxyIndices\",\r\n                     \"archive_url\": \"https://swift.rc.nectar.org.au:8888/v1/AUTH_377/cloudman-gvl-410/filesystems/gvl-indices-blank-4.1.0.tar.gz\"\r\n                  }\r\n               ]\r\n            }\r\n         ]\r\n      },\r\n      \"gvl_cmdline_utilities\": true\r\n   }\r\n}"
  }
},
{
  "model": "baselaunch.applicationversioncloudconfig",
  "pk": 10,
  "fields": {
    "application_version": 6,
    "cloud": "chameleon",
    "image": 11,
    "default_instance_type": "m1.small",
    "default_launch_config": "{\r\n   \"config_cloudlaunch\": {\r\n       \"instanceType\": \"m1.large\",\r\n       \"firewall\": [\r\n          {\r\n             \"securityGroup\": \"CloudLaunch\",\r\n             \"rules\": [\r\n                {\r\n                   \"protocol\": \"tcp\",\r\n                   \"from\": \"80\",\r\n                   \"to\": \"80\",\r\n                   \"cidr\": \"0.0.0.0/0\"\r\n                },\r\n                {\r\n                   \"protocol\": \"tcp\",\r\n                   \"from\": \"22\",\r\n                   \"to\": \"22\",\r\n                   \"cidr\": \"0.0.0.0/0\"\r\n                },\r\n                {\r\n                   \"protocol\": \"tcp\",\r\n                   \"from\": \"20\",\r\n                   \"to\": \"21\",\r\n                   \"cidr\": \"0.0.0.0/0\"\r\n                },\r\n                {\r\n                   \"protocol\": \"tcp\",\r\n                   \"from\": \"30000\",\r\n                   \"to\": \"30100\",\r\n                   \"cidr\": \"0.0.0.0/0\"\r\n                }\r\n             ]\r\n          }\r\n       ]\r\n    }\r\n}"
  }
},
{
  "model": "baselaunch.applicationversioncloudconfig",
  "pk": 11,
  "fields": {
    "application_version": 5,
    "cloud": "nectar",
    "image": 12,
    "default_instance_type": "",
    "default_launch_config": "{\r\n   \"config_cloudlaunch\": {\r\n       \"instanceType\": \"m1.small\",\r\n       \"firewall\": [\r\n          {\r\n             \"securityGroup\": \"CloudLaunch\",\r\n             \"rules\": [\r\n                {\r\n                   \"protocol\": \"tcp\",\r\n                   \"from\": \"80\",\r\n                   \"to\": \"80\",\r\n                   \"cidr\": \"0.0.0.0/0\"\r\n                },\r\n                {\r\n                   \"protocol\": \"tcp\",\r\n                   \"from\": \"22\",\r\n                   \"to\": \"22\",\r\n                   \"cidr\": \"0.0.0.0/0\"\r\n                },\r\n                {\r\n                   \"protocol\": \"tcp\",\r\n                   \"from\": \"20\",\r\n                   \"to\": \"21\",\r\n                   \"cidr\": \"0.0.0.0/0\"\r\n                },\r\n                {\r\n                   \"protocol\": \"tcp\",\r\n                   \"from\": \"30000\",\r\n                   \"to\": \"30100\",\r\n                   \"cidr\": \"0.0.0.0/0\"\r\n                }\r\n             ]\r\n          }\r\n       ]\r\n    }\r\n}"
  }
},
{
  "model": "baselaunch.applicationversioncloudconfig",
  "pk": 12,
  "fields": {
    "application_version": 7,
    "cloud": "bwcloud",
    "image": 13,
    "default_instance_type": "",
    "default_launch_config": ""
  }
},
{
  "model": "baselaunch.applicationversioncloudconfig",
  "pk": 13,
  "fields": {
    "application_version": 5,
    "cloud": "jetstream",
    "image": 14,
    "default_instance_type": "",
    "default_launch_config": "{\r\n   \"config_cloudlaunch\": {\r\n        \"instance_user_data\": \"#!/bin/bash\\ndocker run -d -p 80:80 -p 8021:21 -p 8022:22 bgruening/galaxy-rna-workbench\",\r\n       \"instanceType\": \"m1.tiny\",\r\n       \"firewall\": [\r\n          {\r\n             \"securityGroup\": \"CloudLaunch\",\r\n             \"rules\": [\r\n                {\r\n                   \"protocol\": \"tcp\",\r\n                   \"from\": \"80\",\r\n                   \"to\": \"80\",\r\n                   \"cidr\": \"0.0.0.0/0\"\r\n                },\r\n                {\r\n                   \"protocol\": \"tcp\",\r\n                   \"from\": \"22\",\r\n                   \"to\": \"22\",\r\n                   \"cidr\": \"0.0.0.0/0\"\r\n                }\r\n             ]\r\n          }\r\n       ]\r\n    }\r\n}"
  }
},
{
  "model": "baselaunch.applicationversioncloudconfig",
  "pk": 14,
  "fields": {
    "application_version": 8,
    "cloud": "amazon-us-east-n-virginia",
    "image": 9,
    "default_instance_type": "",
    "default_launch_config": "{\r\n   \"config_cloudlaunch\": {\r\n       \"instanceType\": \"t2.small\",\r\n       \"firewall\": [\r\n          {\r\n             \"securityGroup\": \"CloudLaunch\",\r\n             \"rules\": [\r\n                {\r\n                   \"protocol\": \"tcp\",\r\n                   \"from\": \"80\",\r\n                   \"to\": \"80\",\r\n                   \"cidr\": \"0.0.0.0/0\"\r\n                },\r\n                {\r\n                   \"protocol\": \"tcp\",\r\n                   \"from\": \"22\",\r\n                   \"to\": \"22\",\r\n                   \"cidr\": \"0.0.0.0/0\"\r\n                },\r\n                {\r\n                   \"protocol\": \"tcp\",\r\n                   \"from\": \"20\",\r\n                   \"to\": \"21\",\r\n                   \"cidr\": \"0.0.0.0/0\"\r\n                },\r\n                {\r\n                   \"protocol\": \"tcp\",\r\n                   \"from\": \"30000\",\r\n                   \"to\": \"30100\",\r\n                   \"cidr\": \"0.0.0.0/0\"\r\n                }\r\n             ]\r\n          }\r\n       ]\r\n    }\r\n}"
  }
},
{
  "model": "baselaunch.applicationversioncloudconfig",
  "pk": 15,
  "fields": {
    "application_version": 7,
    "cloud": "amazon-us-east-n-virginia",
    "image": 15,
    "default_instance_type": "",
    "default_launch_config": ""
  }
},
{
  "model": "baselaunch.applicationversioncloudconfig",
  "pk": 16,
  "fields": {
    "application_version": 7,
    "cloud": "jetstream",
    "image": 16,
    "default_instance_type": "",
    "default_launch_config": "{\r\n   \"config_cloudlaunch\": {\r\n       \"instance_user_data\": \"#!/bin/bash\\ndocker run -d -p 8888:80 -p 8021:21 -p 8022:22 bgruening/galaxy-rna-workbench\",\r\n       \"instanceType\": \"m1.large\",\r\n       \"firewall\": [\r\n          {\r\n             \"securityGroup\": \"CloudLaunch\",\r\n             \"rules\": [\r\n                {\r\n                   \"protocol\": \"tcp\",\r\n                   \"from\": \"80\",\r\n                   \"to\": \"80\",\r\n                   \"cidr\": \"0.0.0.0/0\"\r\n                },\r\n                {\r\n                   \"protocol\": \"tcp\",\r\n                   \"from\": \"22\",\r\n                   \"to\": \"22\",\r\n                   \"cidr\": \"0.0.0.0/0\"\r\n                },\r\n                {\r\n                   \"protocol\": \"tcp\",\r\n                   \"from\": \"20\",\r\n                   \"to\": \"21\",\r\n                   \"cidr\": \"0.0.0.0/0\"\r\n                },\r\n                {\r\n                   \"protocol\": \"tcp\",\r\n                   \"from\": \"30000\",\r\n                   \"to\": \"30100\",\r\n                   \"cidr\": \"0.0.0.0/0\"\r\n                }\r\n             ]\r\n          }\r\n       ]\r\n    }\r\n}"
  }
},
{
  "model": "baselaunch.applicationversioncloudconfig",
  "pk": 18,
  "fields": {
    "application_version": 9,
    "cloud": "jetstream",
    "image": 16,
    "default_instance_type": "",
    "default_launch_config": ""
  }
},
{
  "model": "baselaunch.applicationversioncloudconfig",
  "pk": 19,
  "fields": {
    "application_version": 9,
    "cloud": "amazon-us-east-n-virginia",
    "image": 15,
    "default_instance_type": "",
    "default_launch_config": ""
  }
},
{
  "model": "baselaunch.applicationversioncloudconfig",
  "pk": 20,
  "fields": {
    "application_version": 7,
    "cloud": "amazon-ap-sydney",
    "image": 18,
    "default_instance_type": "",
    "default_launch_config": ""
  }
},
{
  "model": "baselaunch.applicationversioncloudconfig",
  "pk": 21,
  "fields": {
    "application_version": 9,
    "cloud": "amazon-ap-sydney",
    "image": 18,
    "default_instance_type": "",
    "default_launch_config": ""
  }
},
{
  "model": "baselaunch.applicationversioncloudconfig",
  "pk": 22,
  "fields": {
    "application_version": 10,
    "cloud": "amazon-us-east-n-virginia",
    "image": 86,
    "default_instance_type": "",
    "default_launch_config": ""
  }
},
{
  "model": "baselaunch.applicationversioncloudconfig",
  "pk": 23,
  "fields": {
    "application_version": 10,
    "cloud": "amazon-eu-west-1-ireland",
    "image": 87,
    "default_instance_type": "",
    "default_launch_config": ""
  }
},
{
  "model": "baselaunch.applicationversioncloudconfig",
  "pk": 24,
  "fields": {
    "application_version": 11,
    "cloud": "amazon-us-east-n-virginia",
    "image": 86,
    "default_instance_type": "",
    "default_launch_config": ""
  }
},
{
  "model": "baselaunch.applicationversioncloudconfig",
  "pk": 25,
  "fields": {
    "application_version": 10,
    "cloud": "nectar",
    "image": 1,
    "default_instance_type": "",
    "default_launch_config": "{\r\n   \"config_gvl\": {\r\n      \"config_cloudman\": {\r\n         \"masterPostStartScript\": \"file:///opt/gvl/scripts/triggers;file:///mnt/galaxy/gvl/poststart.d\",\r\n         \"cluster_templates\": [\r\n            {\r\n               \"name\": \"Galaxy\",\r\n               \"filesystem_templates\": [\r\n                  {\r\n                     \"name\": \"galaxy\",\r\n                     \"roles\": \"galaxyTools,galaxyData\"\r\n                  },\r\n                  {\r\n                     \"name\": \"galaxyIndices\",\r\n                     \"roles\": \"galaxyIndices\"\r\n                  }\r\n               ]\r\n            },\r\n            {\r\n               \"name\": \"Data\",\r\n               \"filesystem_templates\": [\r\n                  {\r\n                     \"type\": \"volume\",\r\n                     \"name\": \"galaxy\"\r\n                  }\r\n               ]\r\n            }\r\n         ]\r\n      }\r\n   },\r\n   \"config_cloudlaunch\": {\r\n       \"instanceType\": \"m1.medium\",\r\n      \"provider_settings\": {\r\n         \"ebsOptimised\": true\r\n       },\r\n       \"firewall\": [\r\n          {\r\n             \"securityGroup\": \"CloudLaunch\",\r\n             \"rules\": [\r\n                {\r\n                   \"protocol\": \"tcp\",\r\n                   \"from\": \"80\",\r\n                   \"to\": \"80\",\r\n                   \"cidr\": \"0.0.0.0/0\"\r\n                },\r\n                {\r\n                   \"protocol\": \"tcp\",\r\n                   \"from\": \"22\",\r\n                   \"to\": \"22\",\r\n                   \"cidr\": \"0.0.0.0/0\"\r\n                },\r\n                {\r\n                   \"protocol\": \"tcp\",\r\n                   \"from\": \"1\",\r\n                   \"to\": \"65535\",\r\n                   \"cidr\": \"0.0.0.0/0\",\r\n                   \"src_group\": \"CloudLaunch\"\r\n                }\r\n             ]\r\n          }\r\n       ]\r\n    }\r\n}"
  }
},
{
  "model": "baselaunch.applicationversioncloudconfig",
  "pk": 26,
  "fields": {
    "application_version": 12,
    "cloud": "amazon-ap-sydney",
    "image": 18,
    "default_instance_type": "m1.medium",
    "default_launch_config": ""
  }
},
{
  "model": "baselaunch.applicationversioncloudconfig",
  "pk": 27,
  "fields": {
    "application_version": 12,
    "cloud": "bwcloud",
    "image": 13,
    "default_instance_type": "m1.medium",
    "default_launch_config": ""
  }
},
{
  "model": "baselaunch.applicationversioncloudconfig",
  "pk": 28,
  "fields": {
    "application_version": 12,
    "cloud": "jetstream",
    "image": 16,
    "default_instance_type": "m1.medium",
    "default_launch_config": ""
  }
},
{
  "model": "baselaunch.applicationversioncloudconfig",
  "pk": 29,
  "fields": {
    "application_version": 12,
    "cloud": "amazon-eu-west-1-ireland",
    "image": 19,
    "default_instance_type": "m1.medium",
    "default_launch_config": ""
  }
},
{
  "model": "baselaunch.applicationversioncloudconfig",
  "pk": 30,
  "fields": {
    "application_version": 12,
    "cloud": "amazon-us-east-n-virginia",
    "image": 15,
    "default_instance_type": "m1.medium",
    "default_launch_config": ""
  }
},
{
  "model": "baselaunch.applicationversioncloudconfig",
  "pk": 31,
  "fields": {
    "application_version": 10,
    "cloud": "amazon-ap-seoul",
    "image": 88,
    "default_instance_type": "",
    "default_launch_config": "{\r\n   \"config_cloudman\": {\r\n       \"defaultBucket\": \"cloudman\",\r\n       \"storageType\": \"volume\",\r\n       \"clusterType\": \"Galaxy\",\r\n       \"cluster_templates\": [\r\n          {\r\n             \"name\": \"Galaxy\",\r\n             \"filesystem_templates\": [\r\n                {\r\n                   \"data_source\": \"archive\",\r\n                   \"name\": \"galaxy\",\r\n                   \"roles\": \"galaxyTools,galaxyData\",\r\n                   \"archive_url\": \"http://s3.amazonaws.com/cloudman/fs-archives/galaxyFS-20170125.tar.gz\",\r\n                   \"size\": 50\r\n                },\r\n                {\r\n                   \"name\": \"galaxyIndices\",\r\n                   \"roles\": \"galaxyIndices\",\r\n                   \"type\": \"cvmfs\",\r\n                   \"mount_point\": \"/cvmfs/data.galaxyproject.org\"\r\n                }\r\n             ]\r\n          },\r\n          {\r\n             \"name\": \"Data\",\r\n             \"filesystem_templates\": [\r\n                {\r\n                   \"type\": \"volume\",\r\n                   \"name\": \"galaxy\"\r\n                }\r\n             ]\r\n          }\r\n       ]\r\n    },\r\n   \"config_cloudlaunch\": {\r\n       \"instanceType\": \"c4.4xlarge\",\r\n      \"provider_settings\": {\r\n         \"ebsOptimized\": false\r\n       },\r\n       \"firewall\": [\r\n          {\r\n             \"securityGroup\": \"CloudLaunch\",\r\n             \"rules\": [\r\n                {\r\n                   \"protocol\": \"tcp\",\r\n                   \"from\": \"80\",\r\n                   \"to\": \"80\",\r\n                   \"cidr\": \"0.0.0.0/0\"\r\n                },\r\n                {\r\n                   \"protocol\": \"tcp\",\r\n                   \"from\": \"22\",\r\n                   \"to\": \"22\",\r\n                   \"cidr\": \"0.0.0.0/0\"\r\n                },\r\n                {\r\n                   \"protocol\": \"tcp\",\r\n                   \"from\": \"443\",\r\n                   \"to\": \"443\",\r\n                   \"cidr\": \"0.0.0.0/0\"\r\n                },\r\n                 {\r\n                   \"protocol\": \"tcp\",\r\n                   \"from\": \"20\",\r\n                   \"to\": \"21\",\r\n                   \"cidr\": \"0.0.0.0/0\"\r\n                },\r\n                {\r\n                   \"protocol\": \"tcp\",\r\n                   \"from\": \"30000\",\r\n                   \"to\": \"30100\",\r\n                   \"cidr\": \"0.0.0.0/0\"\r\n                },\r\n                {\r\n                   \"protocol\": \"tcp\",\r\n                   \"from\": \"1\",\r\n                   \"to\": \"65535\",\r\n                   \"src_group\": \"CloudLaunch\"\r\n                }\r\n             ]\r\n          }\r\n       ]\r\n    }\r\n}"
  }
},
{
  "model": "baselaunch.applicationversioncloudconfig",
  "pk": 32,
  "fields": {
    "application_version": 11,
    "cloud": "amazon-ap-seoul",
    "image": 88,
    "default_instance_type": "",
    "default_launch_config": "{\r\n   \"config_cloudman\": {\r\n       \"defaultBucket\": \"cloudman\",\r\n       \"storageType\": \"volume\",\r\n       \"clusterType\": \"Galaxy\",\r\n       \"cluster_templates\": [\r\n          {\r\n             \"name\": \"Galaxy\",\r\n             \"filesystem_templates\": [\r\n                {\r\n                   \"data_source\": \"archive\",\r\n                   \"name\": \"galaxy\",\r\n                   \"roles\": \"galaxyTools,galaxyData\",\r\n                   \"archive_url\": \"http://s3.amazonaws.com/cloudman/fs-archives/galaxyFS-20170125.tar.gz\",\r\n                   \"size\": 50\r\n                },\r\n                {\r\n                   \"name\": \"galaxyIndices\",\r\n                   \"roles\": \"galaxyIndices\",\r\n                   \"type\": \"cvmfs\",\r\n                   \"mount_point\": \"/cvmfs/data.galaxyproject.org\"\r\n                }\r\n             ]\r\n          },\r\n          {\r\n             \"name\": \"Data\",\r\n             \"filesystem_templates\": [\r\n                {\r\n                   \"type\": \"volume\",\r\n                   \"name\": \"galaxy\"\r\n                }\r\n             ]\r\n          }\r\n       ]\r\n    },\r\n   \"config_cloudlaunch\": {\r\n       \"instanceType\": \"c3.large\",\r\n      \"provider_settings\": {\r\n         \"ebsOptimized\": false\r\n       },\r\n       \"firewall\": [\r\n          {\r\n             \"securityGroup\": \"CloudLaunch\",\r\n             \"rules\": [\r\n                {\r\n                   \"protocol\": \"tcp\",\r\n                   \"from\": \"80\",\r\n                   \"to\": \"80\",\r\n                   \"cidr\": \"0.0.0.0/0\"\r\n                },\r\n                {\r\n                   \"protocol\": \"tcp\",\r\n                   \"from\": \"22\",\r\n                   \"to\": \"22\",\r\n                   \"cidr\": \"0.0.0.0/0\"\r\n                },\r\n                {\r\n                   \"protocol\": \"tcp\",\r\n                   \"from\": \"443\",\r\n                   \"to\": \"443\",\r\n                   \"cidr\": \"0.0.0.0/0\"\r\n                },\r\n                 {\r\n                   \"protocol\": \"tcp\",\r\n                   \"from\": \"20\",\r\n                   \"to\": \"21\",\r\n                   \"cidr\": \"0.0.0.0/0\"\r\n                },\r\n                {\r\n                   \"protocol\": \"tcp\",\r\n                   \"from\": \"30000\",\r\n                   \"to\": \"30100\",\r\n                   \"cidr\": \"0.0.0.0/0\"\r\n                },\r\n                {\r\n                   \"protocol\": \"tcp\",\r\n                   \"from\": \"1\",\r\n                   \"to\": \"65535\",\r\n                   \"src_group\": \"CloudLaunch\"\r\n                }\r\n             ]\r\n          }\r\n       ]\r\n    }\r\n}"
  }
},
{
  "model": "baselaunch.applicationversioncloudconfig",
  "pk": 33,
  "fields": {
    "application_version": 5,
    "cloud": "amazon-ap-seoul",
    "image": 89,
    "default_instance_type": "",
    "default_launch_config": "{\r\n   \"config_cloudlaunch\": {\r\n       \"instanceType\": \"t2.nano\",\r\n       \"firewall\": [\r\n          {\r\n             \"securityGroup\": \"CloudLaunch\",\r\n             \"rules\": [\r\n                {\r\n                   \"protocol\": \"tcp\",\r\n                   \"from\": \"22\",\r\n                   \"to\": \"22\",\r\n                   \"cidr\": \"0.0.0.0/0\"\r\n                }\r\n             ]\r\n          }\r\n       ]\r\n    }\r\n}"
  }
},
{
  "model": "baselaunch.applicationversioncloudconfig",
  "pk": 34,
  "fields": {
    "application_version": 12,
    "cloud": "nectar",
    "image": 90,
    "default_instance_type": "m1.medium",
    "default_launch_config": ""
  }
},
{
  "model": "baselaunch.applicationversioncloudconfig",
  "pk": 35,
  "fields": {
    "application_version": 10,
    "cloud": "amazon-us-east-2-ohio",
    "image": 91,
    "default_instance_type": "",
    "default_launch_config": "{\r\n   \"config_cloudman\": {\r\n       \"defaultBucket\": \"cloudman\",\r\n       \"storageType\": \"volume\",\r\n       \"clusterType\": \"Galaxy\",\r\n       \"cluster_templates\": [\r\n          {\r\n             \"name\": \"Galaxy\",\r\n             \"filesystem_templates\": [\r\n                {\r\n                   \"data_source\": \"archive\",\r\n                   \"name\": \"galaxy\",\r\n                   \"roles\": \"galaxyTools,galaxyData\",\r\n                   \"archive_url\": \"http://s3.amazonaws.com/cloudman/fs-archives/galaxyFS-20170125.tar.gz\",\r\n                   \"size\": 50\r\n                },\r\n                {\r\n                   \"name\": \"galaxyIndices\",\r\n                   \"roles\": \"galaxyIndices\",\r\n                   \"type\": \"cvmfs\",\r\n                   \"mount_point\": \"/cvmfs/data.galaxyproject.org\"\r\n                }\r\n             ]\r\n          },\r\n          {\r\n             \"name\": \"Data\",\r\n             \"filesystem_templates\": [\r\n                {\r\n                   \"type\": \"volume\",\r\n                   \"name\": \"galaxy\"\r\n                }\r\n             ]\r\n          }\r\n       ]\r\n    },\r\n   \"config_cloudlaunch\": {\r\n       \"instanceType\": \"c3.large\",\r\n      \"provider_settings\": {\r\n         \"ebsOptimized\": false\r\n       },\r\n       \"firewall\": [\r\n          {\r\n             \"securityGroup\": \"CloudLaunch\",\r\n             \"rules\": [\r\n                {\r\n                   \"protocol\": \"tcp\",\r\n                   \"from\": \"80\",\r\n                   \"to\": \"80\",\r\n                   \"cidr\": \"0.0.0.0/0\"\r\n                },\r\n                {\r\n                   \"protocol\": \"tcp\",\r\n                   \"from\": \"22\",\r\n                   \"to\": \"22\",\r\n                   \"cidr\": \"0.0.0.0/0\"\r\n                },\r\n                {\r\n                   \"protocol\": \"tcp\",\r\n                   \"from\": \"443\",\r\n                   \"to\": \"443\",\r\n                   \"cidr\": \"0.0.0.0/0\"\r\n                },\r\n                 {\r\n                   \"protocol\": \"tcp\",\r\n                   \"from\": \"20\",\r\n                   \"to\": \"21\",\r\n                   \"cidr\": \"0.0.0.0/0\"\r\n                },\r\n                {\r\n                   \"protocol\": \"tcp\",\r\n                   \"from\": \"30000\",\r\n                   \"to\": \"30100\",\r\n                   \"cidr\": \"0.0.0.0/0\"\r\n                },\r\n                {\r\n                   \"protocol\": \"tcp\",\r\n                   \"from\": \"1\",\r\n                   \"to\": \"65535\",\r\n                   \"src_group\": \"CloudLaunch\"\r\n                }\r\n             ]\r\n          }\r\n       ]\r\n    }\r\n}"
  }
},
{
  "model": "baselaunch.applicationversioncloudconfig",
  "pk": 36,
  "fields": {
    "application_version": 13,
    "cloud": "amazon-us-east-n-virginia",
    "image": 15,
    "default_instance_type": "",
    "default_launch_config": ""
  }
},
{
  "model": "baselaunch.applicationversioncloudconfig",
  "pk": 37,
  "fields": {
    "application_version": 14,
    "cloud": "jetstream",
    "image": 97,
    "default_instance_type": "",
    "default_launch_config": ""
  }
},
{
  "model": "baselaunch.applicationversioncloudconfig",
  "pk": 38,
  "fields": {
    "application_version": 15,
    "cloud": "amazon-us-east-n-virginia",
    "image": 15,
    "default_instance_type": "",
    "default_launch_config": ""
  }
},
{
  "model": "baselaunch.applicationversioncloudconfig",
  "pk": 39,
  "fields": {
    "application_version": 16,
    "cloud": "nectar",
    "image": 94,
    "default_instance_type": "m1.medium",
    "default_launch_config": "{\r\n   \"config_gvl\": {\r\n      \"config_cloudman\": {\r\n         \"masterPostStartScript\": \"file:///opt/gvl/scripts/triggers;file:///mnt/galaxy/gvl/poststart.d\",\r\n         \"defaultBucket\": \"cloudman-gvl-420\",\r\n         \"storageType\": \"transient\",\r\n         \"clusterType\": \"Galaxy\",\r\n         \"gvl_config\": { \"install\" : [\"gvl_cmdline_utilities\"] },\r\n         \"cluster_templates\": [\r\n            {\r\n               \"name\": \"Galaxy\",\r\n               \"filesystem_templates\": [\r\n                  {\r\n                     \"data_source\": \"archive\",\r\n                     \"archive_md5\": \"13d4d7eed99915ac24dfa319a059d109\",\r\n                     \"name\": \"galaxy\",\r\n                     \"roles\": \"galaxyTools,galaxyData\",\r\n                     \"type\": \"transient\",\r\n                     \"archive_url\": \"https://swift.rc.nectar.org.au:8888/v1/AUTH_377/cloudman-gvl-420/filesystems/gvl-galaxyfs-4.2.0.tar.gz\"\r\n                  },\r\n                  {\r\n                     \"type\": \"transient\",\r\n                     \"archive_md5\": \"0c53cc2804031b2d6e713e6ebcd272ba\",\r\n                     \"name\": \"galaxyIndices\",\r\n                     \"roles\": \"galaxyIndices\",\r\n                     \"archive_url\": \"https://swift.rc.nectar.org.au:8888/v1/AUTH_377/cloudman-gvl-420/filesystems/gvl-indices-blank-4.2.0.tar.gz\"\r\n                  }\r\n               ]\r\n            }\r\n         ]\r\n      },\r\n      \"gvl_cmdline_utilities\": true\r\n   }\r\n}"
  }
},
{
  "model": "baselaunch.applicationversioncloudconfig",
  "pk": 40,
  "fields": {
    "application_version": 17,
    "cloud": "nectar",
    "image": 94,
    "default_instance_type": "m1.medium",
    "default_launch_config": "{\r\n   \"config_gvl\": {\r\n      \"config_cloudman\": {\r\n         \"masterPostStartScript\": \"file:///opt/gvl/scripts/triggers;file:///mnt/galaxy/gvl/poststart.d\",\r\n         \"defaultBucket\": \"cloudman-gvl-420\",\r\n         \"storageType\": \"transient\",\r\n         \"clusterType\": \"Galaxy\",\r\n         \"gvl_config\": { \"install\" : [\"gvl_cmdline_utilities\"] },\r\n         \"cluster_templates\": [\r\n            {\r\n               \"name\": \"Galaxy\",\r\n               \"filesystem_templates\": [\r\n                  {\r\n                     \"data_source\": \"archive\",\r\n                     \"archive_md5\": \"13d4d7eed99915ac24dfa319a059d109\",\r\n                     \"name\": \"galaxy\",\r\n                     \"roles\": \"galaxyTools,galaxyData\",\r\n                     \"type\": \"transient\",\r\n                     \"archive_url\": \"https://swift.rc.nectar.org.au:8888/v1/AUTH_377/cloudman-gvl-420/gvl-galaxyfs-4.2.0.tar.gz\"\r\n                  },\r\n                  {\r\n                     \"type\": \"transient\",\r\n                     \"archive_md5\": \"9dd17e93518cdbac221bd19c8ee4e9dd\",\r\n                     \"name\": \"galaxyIndices\",\r\n                     \"roles\": \"galaxyIndices\",\r\n                     \"archive_url\": \"https://swift.rc.nectar.org.au:8888/v1/AUTH_377/cloudman-gvl-420/filesystems/gvl-indices-tutorial-4.2.0.tar.gz\"\r\n                  }\r\n               ]\r\n            }\r\n         ]\r\n      },\r\n      \"gvl_cmdline_utilities\": true\r\n   }\r\n}"
  }
},
{
  "model": "baselaunch.applicationversioncloudconfig",
  "pk": 41,
  "fields": {
    "application_version": 18,
    "cloud": "amazon-us-east-n-virginia",
    "image": 86,
    "default_instance_type": "",
    "default_launch_config": ""
  }
},
{
  "model": "baselaunch.applicationversioncloudconfig",
  "pk": 42,
  "fields": {
    "application_version": 19,
    "cloud": "jetstream",
    "image": 16,
    "default_instance_type": "",
    "default_launch_config": ""
  }
},
{
  "model": "baselaunch.applicationversioncloudconfig",
  "pk": 43,
  "fields": {
    "application_version": 20,
    "cloud": "amazon-us-east-n-virginia",
    "image": 15,
    "default_instance_type": "",
    "default_launch_config": ""
  }
},
{
  "model": "baselaunch.applicationversioncloudconfig",
  "pk": 44,
  "fields": {
    "application_version": 21,
    "cloud": "amazon-us-east-n-virginia",
    "image": 86,
    "default_instance_type": "",
    "default_launch_config": ""
  }
},
{
  "model": "baselaunch.applicationversioncloudconfig",
  "pk": 45,
  "fields": {
    "application_version": 22,
    "cloud": "amazon-us-east-n-virginia",
    "image": 86,
    "default_instance_type": "",
    "default_launch_config": ""
  }
},
{
  "model": "baselaunch.applicationversioncloudconfig",
  "pk": 46,
  "fields": {
    "application_version": 22,
    "cloud": "amazon-eu-west-1-ireland",
    "image": 87,
    "default_instance_type": "",
    "default_launch_config": ""
  }
},
{
  "model": "baselaunch.applicationversioncloudconfig",
  "pk": 47,
  "fields": {
    "application_version": 23,
    "cloud": "nectar",
    "image": 94,
    "default_instance_type": "m1.medium",
    "default_launch_config": "{\r\n   \"config_gvl\": {\r\n      \"config_cloudman\": {\r\n         \"masterPostStartScript\": \"file:///opt/gvl/scripts/triggers;file:///mnt/galaxy/gvl/poststart.d\",\r\n         \"defaultBucket\": \"cloudman-gvl-420\",\r\n         \"storageType\": \"transient\",\r\n         \"clusterType\": \"Galaxy\",\r\n         \"gvl_config\": { \"install\" : [\"gvl_cmdline_utilities\"] },\r\n         \"cluster_templates\": [\r\n            {\r\n               \"name\": \"Galaxy\",\r\n               \"filesystem_templates\": [\r\n                  {\r\n                     \"data_source\": \"archive\",\r\n                     \"archive_md5\": \"13d4d7eed99915ac24dfa319a059d109\",\r\n                     \"name\": \"galaxy\",\r\n                     \"roles\": \"galaxyTools,galaxyData\",\r\n                     \"type\": \"transient\",\r\n                     \"archive_url\": \"https://swift.rc.nectar.org.au:8888/v1/AUTH_377/cloudman-gvl-420/filesystems/gvl-galaxyfs-4.2.0.tar.gz\"\r\n                  },\r\n                  {\r\n                     \"data_source\": \"archive\",\r\n                     \"archive_md5\": \"6843b57d92d6b79c417bad677a792efd\",\r\n                     \"name\": \"gvl\",\r\n                     \"type\": \"transient\",\r\n                     \"archive_url\": \"https://swift.rc.nectar.org.au:8888/v1/AUTH_377/cloudman-gvl-420/filesystems/gvl-apps-4.2-2.tar.gz\"\r\n                  },\r\n                  {\r\n                     \"type\": \"transient\",\r\n                     \"archive_md5\": \"0c53cc2804031b2d6e713e6ebcd272ba\",\r\n                     \"name\": \"galaxyIndices\",\r\n                     \"roles\": \"galaxyIndices\",\r\n                     \"archive_url\": \"https://swift.rc.nectar.org.au:8888/v1/AUTH_377/cloudman-gvl-420/filesystems/gvl-indices-blank-4.2.0.tar.gz\"\r\n                  }\r\n               ]\r\n            }\r\n         ]\r\n      },\r\n      \"gvl_cmdline_utilities\": true\r\n   }\r\n}"
  }
},
{
  "model": "baselaunch.applicationversioncloudconfig",
  "pk": 48,
  "fields": {
    "application_version": 24,
    "cloud": "jetstream",
    "image": 14,
    "default_instance_type": "m1.tiny",
    "default_launch_config": ""
  }
},
{
  "model": "baselaunch.applicationversioncloudconfig",
  "pk": 49,
  "fields": {
    "application_version": 8,
    "cloud": "jetstream",
    "image": 95,
    "default_instance_type": "",
    "default_launch_config": "{\r\n   \"config_cloudlaunch\": {\r\n       \"instanceType\": \"m1.small\",\r\n       \"firewall\": [\r\n          {\r\n             \"securityGroup\": \"CloudLaunch\",\r\n             \"rules\": [\r\n                {\r\n                   \"protocol\": \"tcp\",\r\n                   \"from\": \"80\",\r\n                   \"to\": \"80\",\r\n                   \"cidr\": \"0.0.0.0/0\"\r\n                },\r\n                {\r\n                   \"protocol\": \"tcp\",\r\n                   \"from\": \"22\",\r\n                   \"to\": \"22\",\r\n                   \"cidr\": \"0.0.0.0/0\"\r\n                }\r\n             ]\r\n          }\r\n       ]\r\n    }\r\n}"
  }
},
{
  "model": "baselaunch.applicationversioncloudconfig",
  "pk": 50,
  "fields": {
    "application_version": 25,
    "cloud": "jetstream",
    "image": 93,
    "default_instance_type": "",
    "default_launch_config": ""
  }
},
{
  "model": "baselaunch.applicationversioncloudconfig",
  "pk": 51,
  "fields": {
    "application_version": 26,
    "cloud": "jetstream",
    "image": 16,
    "default_instance_type": "",
    "default_launch_config": ""
  }
},
{
  "model": "baselaunch.applicationversioncloudconfig",
  "pk": 52,
  "fields": {
    "application_version": 26,
    "cloud": "amazon-us-east-n-virginia",
    "image": 15,
    "default_instance_type": "",
    "default_launch_config": ""
  }
},
{
  "model": "baselaunch.applicationversioncloudconfig",
  "pk": 53,
  "fields": {
    "application_version": 26,
    "cloud": "amazon-eu-west-1-ireland",
    "image": 19,
    "default_instance_type": "",
    "default_launch_config": ""
  }
},
{
  "model": "baselaunch.location",
  "pk": 1,
  "fields": {
    "latitude": 52.35,
    "longitude": 4.9167,
    "city": "Amsterdam",
    "country": "NL"
  }
},
{
  "model": "baselaunch.location",
  "pk": 2,
  "fields": {
    "latitude": 51.2167,
    "longitude": 4.4167,
    "city": "Antwerp",
    "country": "BE"
  }
},
{
  "model": "baselaunch.location",
  "pk": 3,
  "fields": {
    "latitude": 44.8268,
    "longitude": -0.600093,
    "city": "Bordeaux cedex",
    "country": "FR"
  }
},
{
  "model": "baselaunch.location",
  "pk": 4,
  "fields": {
    "latitude": 52.3702,
    "longitude": 4.89517,
    "city": "Amsterdam",
    "country": "NL"
  }
},
{
  "model": "baselaunch.location",
  "pk": 5,
  "fields": {
    "latitude": 48.6004,
    "longitude": 7.7874,
    "city": "Strasbourg",
    "country": "FR"
  }
},
{
  "model": "baselaunch.location",
  "pk": 6,
  "fields": {
    "latitude": -37.8139,
    "longitude": 144.9634,
    "city": "Melbourne",
    "country": "AU"
  }
},
{
  "model": "baselaunch.location",
  "pk": 7,
  "fields": {
    "latitude": 30.384,
    "longitude": -97.7073,
    "city": "Austin",
    "country": "US"
  }
},
{
  "model": "baselaunch.location",
  "pk": 8,
  "fields": {
    "latitude": 22.2833,
    "longitude": 114.15,
    "city": "Central District",
    "country": "HK"
  }
},
{
  "model": "baselaunch.location",
  "pk": 9,
  "fields": {
    "latitude": -27.4954,
    "longitude": 153.012,
    "city": "St Lucia",
    "country": "AU"
  }
},
{
  "model": "baselaunch.location",
  "pk": 10,
  "fields": {
    "latitude": 35.6845,
    "longitude": 139.7559,
    "city": "Tokyo",
    "country": "JP"
  }
},
{
  "model": "baselaunch.location",
  "pk": 11,
  "fields": {
    "latitude": 33.763382,
    "longitude": -84.3951098,
    "city": "Atlanta",
    "country": "US"
  }
},
{
  "model": "baselaunch.location",
  "pk": 12,
  "fields": {
    "latitude": 35.1667,
    "longitude": 33.3667,
    "city": "Nicosia",
    "country": "CY"
  }
},
{
  "model": "baselaunch.publicservice",
  "pk": "andromeda",
  "fields": {
    "added": "2016-06-29T06:59:44.471Z",
    "updated": "2016-06-29T06:59:44.471Z",
    "name": "Andromeda",
    "links": "http://galaxy.nbic.nl/",
    "location": 1,
    "purpose": "This is a fully populated Galaxy instance.",
    "comments": "- As of 2014/01/01:\r\n\"Due to funding issue, the NBIC Galaxy server is running now with very limited support and maintenance as of January 1st, 2014. We hope this is temporary but please be aware that your analysis will be not performed at an optimal speed and most questions will not be answered.\"\r\n- Andromeda is hosted at the SURFsara High Performance Computing (HPC) cloud.",
    "email_user_support": "nbicgalaxy-admin@trac.nbic.nl",
    "quotas": "Registered users: 10GB; Anonymous users: 10MB",
    "featured": false,
    "application": null,
    "logo": "https://wiki.galaxyproject.org/PublicGalaxyServers?action=AttachFile&do=get&target=Andromeda.png",
    "sponsors": [],
    "tags": []
  }
},
{
  "model": "baselaunch.publicservice",
  "pk": "biomina",
  "fields": {
    "added": "2016-06-29T08:03:23.708Z",
    "updated": "2016-06-29T08:07:39.868Z",
    "name": "Biomina",
    "links": "http://biominavm-galaxy.biomina.be/galaxy/",
    "location": 2,
    "purpose": "A general purpose Galaxy instance that includes most \"standard\" tools for DNA/RNA sequencing, plus extra tools for panel resequencing, variant annotation and some tools for Illumina SNParray analysis.",
    "comments": "Includes a number of workflows, including workflow from \"A SWI/SNF-related autism syndrome caused by de novo mutations in ADNP,\" by Helsmoortel, et al., Nature Genetics (2014) doi:10.1038/ng.2899",
    "email_user_support": "geert.vandeweyer@uantwerpen.be",
    "quotas": "- Registered users: 50GB. Can be increased up to 3TB in collaborative projects.\r\n- There is NO backup of data inside this galaxy server.\r\n- Collaboration partner jobs have higher priority on the system.",
    "featured": false,
    "application": null,
    "logo": "https://wiki.galaxyproject.org/PublicGalaxyServers?action=AttachFile&do=get&target=Biomina300.png",
    "sponsors": [],
    "tags": []
  }
},
{
  "model": "baselaunch.publicservice",
  "pk": "cbib-galaxy",
  "fields": {
    "added": "2016-06-29T08:04:31.606Z",
    "updated": "2016-06-29T14:19:38.822Z",
    "name": "CBiB Galaxy",
    "links": "http://services.cbib.u-bordeaux2.fr/galaxy/",
    "location": 3,
    "purpose": "A general purpose Galaxy instance that includes EMBOSS (a software analysis package for molecular biology) and fibronectin (diversity analysis of synthetic libraries of a Fibronectin domain).",
    "comments": "Dedicated server: 4 CPU Intel Xeon - 8 cores (a total of 32 cores / 64 threads) , 128 GB RAM, 800 GB of disk space.",
    "email_user_support": "admin.cbib@u-bordeaux2.fr",
    "quotas": "Registered users: 10GB, unregistered users, 1GB",
    "featured": false,
    "application": null,
    "logo": "https://wiki.galaxyproject.org/PublicGalaxyServers?action=AttachFile&do=get&target=CBiBLogo300.png",
    "sponsors": [],
    "tags": []
  }
},
{
  "model": "baselaunch.publicservice",
  "pk": "erasmus-mc",
  "fields": {
    "added": "2016-06-29T08:05:25.272Z",
    "updated": "2016-06-29T14:22:28.018Z",
    "name": "Erasmus MC",
    "links": "https://bioinf-galaxian.erasmusmc.nl/galaxy/",
    "location": 4,
    "purpose": "General purpose genomics analysis, featuring many standard tools plus many additional tools.",
    "comments": "This server supports a wealth of RNA-Seq tasks, including:\r\nquantify gene expression (featureCounts, edgeR, experimental design module)\r\ndetermine and prioritize fusion genes (star-fusion, Fuma, ifuse)\r\ndetermine variants and annotate small variants (BAM to varscan2, Annovar)\r\ndetect small ncRNA derived RNAs in small RNA-seq alignments (Flaimapper)\r\nGenerate html user defined workflow (iReport)\r\nAll tools are also available in the Tool Shed.\r\nSee FuMa: reporting overlap in RNA-seq detected fusion genes, by Youri Hoogstrate, Ren\u00e9 B\u00f6ttcher, Saskia Hiltemann, Peter van der Spek, Guido Jenster and Andrew P Stubbs, Bioinformatics (2015) doi: 10.1093/bioinformatics/btv721",
    "email_user_support": "a.stubbs@erasmusmc.nl",
    "quotas": "Unregistered users: Unlimited - Deleted nightly",
    "featured": false,
    "application": null,
    "logo": "https://wiki.galaxyproject.org/PublicGalaxyServers?action=AttachFile&do=get&target=ErasmusMCBioinf300.png",
    "sponsors": [],
    "tags": []
  }
},
{
  "model": "baselaunch.publicservice",
  "pk": "galaxeast",
  "fields": {
    "added": "2016-06-29T08:06:26.547Z",
    "updated": "2016-06-29T14:20:23.879Z",
    "name": "GalaxEast",
    "links": "http://www.galaxeast.fr/",
    "location": 5,
    "purpose": "Integrative 'omics data analysis",
    "comments": "From J24: GalaxEast: an open and powerful Galaxy instance for integrative Omics data analysis, poster presented at ECCB'14 by Stephanie Le Gras, Serge Uge, Matthieu Jung, Ludovic Roy, Valerie Cognat, Frederic Plewniak, Irwin Davidson and Julien Seiler:\r\nprovides access to up-to-date tools and algorithms such as those devoted to Next Generation Sequencing (NGS) data analysis of:\r\nEpigenome: MACS, Homer\r\nGenomic sequence: GATK, Samtools, BEDtools, Picard\r\nTranscriptome: Cufflinks, HTSeq, TopHat\r\nStatistical analyses: DeepTools, S-mart, DESeq\r\nGalaxEast provides access to workflows developed for:\r\nMotif search\r\nRepetitive element analyses\r\nChIP-seq data analysis\r\nGalaxEast aims at providing a large range of bioinformatics tools for the analysis of various types of Omics data. It supports reproducible computational research by providing an environment for performing and recording bioinformatics analyses.\r\nThe GalaxEast project has the following main objectives:\r\nProvide the academic scientific community with an open and powerful Galaxy instance with a guaranteed availability. The platform offers access to cutting-edge and up-to-date tools for Omics data analysis with help and support.\r\nPropose innovative developments and new helpful tools packaged for Galaxy (available in the GalaxEast toolshed)\r\nPromote the packaging of new developments for Galaxy (through wrappers and/or toolshed packages).",
    "email_user_support": "galaxy@igbmc.fr",
    "quotas": "Registered users: 50GB",
    "featured": false,
    "application": null,
    "logo": "https://wiki.galaxyproject.org/PublicGalaxyServers?action=AttachFile&do=get&target=GalaxEast.png",
    "sponsors": [],
    "tags": []
  }
},
{
  "model": "baselaunch.publicservice",
  "pk": "galaxy-main",
  "fields": {
    "added": "2016-06-29T08:07:39.252Z",
    "updated": "2016-06-29T08:17:55.123Z",
    "name": "Galaxy Main",
    "links": "http://usegalaxy.org/",
    "location": 7,
    "purpose": "The Galaxy Project free public server; biomedical research",
    "comments": "Strong on genomics; good central repository for shared Galaxy objects. See Main for more.",
    "email_user_support": "clements@galaxyproject.org",
    "quotas": "Registered users: 250GB, Unregistered  users: 5GB",
    "featured": false,
    "application": null,
    "logo": "https://wiki.galaxyproject.org/Images/GalaxyLogos?action=AttachFile&do=get&target=galaxy_logo_25percent_transparent.png",
    "sponsors": [],
    "tags": []
  }
},
{
  "model": "baselaunch.publicservice",
  "pk": "genomics-virtual-lab-melbourne",
  "fields": {
    "added": "2016-06-29T08:06:35.204Z",
    "updated": "2016-06-29T08:06:35.204Z",
    "name": "Genomics Virtual Lab Melbourne",
    "links": "http://galaxy-mel.genome.edu.au/",
    "location": 6,
    "purpose": "This Galaxy service is maintained by the Life Sciences Computation Centre at the VLSCI",
    "comments": "We provide this Galaxy instance to:\r\nprovide bioinformatics infrastructure to the Melbourne life sciences community\r\ngive researchers tools to do their own analysis\r\nhelp improve general bioinformatics skills\r\nprovide a platform for tutorials and other training",
    "email_user_support": "help@genome.edu.au",
    "quotas": "Registered users: 100GB, Unregistered users: 50MB",
    "featured": false,
    "application": "genomics-virtual-lab",
    "logo": "https://www.vlsci.org.au/sites/all/themes/vlsci/images/bg-logo.gif",
    "sponsors": [],
    "tags": []
  }
},
{
  "model": "baselaunch.publicservice",
  "pk": "genomics-virtual-lab-queensland",
  "fields": {
    "added": "2016-06-29T08:09:00.241Z",
    "updated": "2016-06-29T08:09:00.241Z",
    "name": "Genomics Virtual Lab Queensland",
    "links": "http://galaxy-qld.genome.edu.au/",
    "location": 9,
    "purpose": "This Galaxy service is maintained by the Research Computing Centre, UQ",
    "comments": "",
    "email_user_support": "help@genome.edu.au",
    "quotas": "Registered users: 100GB, UQ users: 1TB",
    "featured": false,
    "application": "genomics-virtual-lab",
    "logo": "http://www.studyqueensland.qld.edu.au/getmedia/9c140cd4-bd85-473e-9074-606e53722ffc/UQlogoC-colour-M.aspx",
    "sponsors": [],
    "tags": []
  }
},
{
  "model": "baselaunch.publicservice",
  "pk": "gigagalaxy",
  "fields": {
    "added": "2016-06-29T08:08:22.649Z",
    "updated": "2016-06-29T13:47:59.721Z",
    "name": "GigaGalaxy",
    "links": "http://galaxy.cbiit.cuhk.edu.hk/",
    "location": 8,
    "purpose": "Standard Galaxy tools set plus SOAPdenovo and SOAPsnp for de novo assembly and SNP calling.",
    "comments": "",
    "email_user_support": "support@cbiit.cuhk.edu.hk",
    "quotas": "Registered users: 200GB, unregistered users: 5GB",
    "featured": false,
    "application": null,
    "logo": "https://wiki.galaxyproject.org/PublicGalaxyServers?action=AttachFile&do=get&target=GigaGalaxyNebula.png",
    "sponsors": [],
    "tags": []
  }
},
{
  "model": "baselaunch.publicservice",
  "pk": "lisis",
  "fields": {
    "added": "2016-06-29T08:16:52.451Z",
    "updated": "2016-06-29T13:43:02.590Z",
    "name": "LiSIs",
    "links": "http://lisis.cs.ucy.ac.cy/",
    "location": 12,
    "purpose": "A platform for Virtual Screening.",
    "comments": "The LiSIs platform has been developed in the context of the cross-disciplinary GRANATUM project aiming to bridge the gap between biomedical researchers by ensuring their seamless access to the globally available information needed to perform complex experiments and to conduct studies on large-scale datasets.\r\nSee LiSIs: An Online Scientific Workflow System for Virtual Screening, by Christos C. Kannas, Ioanna Kalvari, George Lambrinidis, Christiana M. Neophytou, Christiana G. Savva, Ioannis Kirmitzoglou, Zinonas Antoniou, Kleo G. Achilleos, David Scherf, Chara A. Pitta, Christos A. Nicolaou, Emanuel Mikros, Vasilis J. Promponas, Clarissa Gerhauser, Rajendra G. Mehta, Andreas I. Constantinou, Constantinos S. Pattichis, Combinatorial chemistry & high throughput screening, Vol. 18, No. 3. (2015), pp. 281-295",
    "email_user_support": "support@lisis.cs",
    "quotas": "Must create a login, but anyone can create a login either on LiSIs or GRANATUM.\r\nThere are storage quotas.\r\nThere will be computational quotas in the near future.",
    "featured": false,
    "application": null,
    "logo": "https://wiki.galaxyproject.org/Images/Logos?action=AttachFile&do=get&target=LiSisLogo.png",
    "sponsors": [],
    "tags": []
  }
},
{
  "model": "baselaunch.publicservice",
  "pk": "pitagora-galaxy",
  "fields": {
    "added": "2016-06-29T08:09:21.111Z",
    "updated": "2016-06-29T14:23:47.858Z",
    "name": "Pitagora-Galaxy",
    "links": "http://try.pitagora-galaxy.org/galaxy/",
    "location": 10,
    "purpose": "The public, general purpose Galaxy servers of the Pitagora-Galaxy Project. This server is intended for testing and sharing. Heavy analysis should be performed using the project's identical virtual machine (VM) or Amazon Machine Image (AMI).",
    "comments": "We are running a website for sharing users' know-how, and distributing a virtual environment where we configured Galaxy with selected workflows and tools. Now, you can perform our analysis workflows on the following three environments.\r\nAccess to the public web site for testing.\r\nDownload the virtual machine to your own PC or server.\r\nLaunch AMI (Amazon machine image) on AWS cloud.\r\nSince Pitagora-Galaxy enables us to run the same workflows on any infrastructure and rebuild the environments in any time, we can quickly use Galaxy, and at the same time, ensure the reproducibility of the analyses. In addition, we plan to add a connector for Garuda Desktop, a desktop application platform, for data analyses that cannot be covered only with Galaxy tools.",
    "email_user_support": "yamanaka@genome.rcast.u-tokyo.ac.jp",
    "quotas": "Registered users: 10GB, unregistered users: 200MB",
    "featured": false,
    "application": null,
    "logo": "https://wiki.galaxyproject.org/PublicGalaxyServers?action=AttachFile&do=get&target=Pitagora.png",
    "sponsors": [],
    "tags": []
  }
},
{
  "model": "baselaunch.publicservice",
  "pk": "whale-shark",
  "fields": {
    "added": "2016-06-29T08:10:46.285Z",
    "updated": "2016-06-29T08:21:01.730Z",
    "name": "Whale Shark",
    "links": "http://whaleshark.georgiaaquarium.org/",
    "location": 11,
    "purpose": "\"Dedicated to the analysis of whale shark (Rhincodon typus) genome.\"",
    "comments": "See:\r\nDraft sequencing and assembly of the genome of the world\u2019s largest fish, the whale shark: Rhincodon typus Smith 1828, Read TD, Petit III RA, Joseph SJ, Alam MT, RW, Ahmad M, Bhimani R, Vuong JS, Haase CP, Webb H, Dove ADM. (2015). PeerJ PrePrints 3:e1036 http://dx.doi.org/10.7287/peerj.preprints.837v1",
    "email_user_support": "development@georgiaaquarium.org",
    "quotas": "Registered users: 50GB, Anonymous users: 50MB",
    "featured": false,
    "application": null,
    "logo": "https://wiki.galaxyproject.org/PublicGalaxyServers?action=AttachFile&do=get&target=WhaleSharkLanding300.png",
    "sponsors": [],
    "tags": []
  }
}
]
